date,start_time,end_time,temp_high,temp_low,weather,wind_speed,wind_dir,humidity,pressure
20170101,00:00,06:00,-7,-9,Clear.,14,220,92,1023
20170101,06:00,12:00,-2,-9,Sunny.,13,250,89,1020
20170101,12:00,18:00,0,-4,Sunny.,8,250,77,1017
20170101,18:00,00:00,-3,-5,Clear.,20,240,88,1016
20170102,00:00,06:00,-2,-2,Passing clouds.,16,260,92,1016
20170102,06:00,12:00,-1,-2,Light snow. Partly sunny.,23,260,95,1017
20170102,12:00,18:00,0,-1,Partly sunny.,24,270,91,1018
20170102,18:00,00:00,-1,-4,Clear.,21,260,94,1020
20170103,00:00,06:00,0,-3,Passing clouds.,22,250,90,1021
20170103,06:00,12:00,2,0,Scattered clouds.,31,250,84,1021
20170103,12:00,18:00,2,1,Partly sunny.,33,240,84,1018
20170103,18:00,00:00,2,1,Light snow. Passing clouds.,41,240,82,1013
20170104,00:00,06:00,2,1,Passing clouds.,42,250,88,1008
20170104,06:00,12:00,2,0,Light rain. Passing clouds.,34,260,93,1006
20170104,12:00,18:00,3,1,Light snow. Passing clouds.,34,280,84,1006
20170104,18:00,00:00,1,-2,Clear.,33,290,84,1011
20170105,00:00,06:00,-2,-4,Passing clouds.,29,330,70,1016
20170105,06:00,12:00,-3,-4,Passing clouds.,24,340,86,1023
20170105,12:00,18:00,-3,-5,Light mixture of precip. Passing clouds.,19,20,84,1029
20170105,18:00,00:00,-5,-10,Passing clouds.,11,10,83,1034
20170106,00:00,06:00,-9,-14,Clear.,9,280,83,1037
20170106,06:00,12:00,-9,-13,Sunny.,9,230,86,1039
20170106,12:00,18:00,-4,-9,Sunny.,4,330,71,1039
20170106,18:00,00:00,-9,-13,Clear.,12,200,84,1038
20170107,00:00,06:00,-9,-13,Clear.,15,200,80,1035
20170107,06:00,12:00,-6,-9,Sunny.,20,230,65,1032
20170107,12:00,18:00,-5,-6,Partly sunny.,21,230,70,1028
20170107,18:00,00:00,-4,-6,Light snow. Passing clouds.,16,250,88,1025
20170108,00:00,06:00,-4,-5,Light snow. Partly cloudy.,24,260,94,1024
20170108,06:00,12:00,-1,-3,Broken clouds.,18,270,95,1026
20170108,12:00,18:00,0,-1,Broken clouds.,14,260,96,1029
20170108,18:00,00:00,0,-1,Passing clouds.,11,280,98,1029
20170109,00:00,06:00,-1,-1,Low clouds.,10,260,100,1028
20170109,06:00,12:00,-1,-1,Overcast.,9,250,86,1026
20170109,12:00,18:00,0,-1,Partly sunny.,13,190,78,1023
20170109,18:00,00:00,0,-1,Passing clouds.,17,200,82,1018
20170110,00:00,06:00,0,-2,Passing clouds.,20,200,82,1013
20170110,06:00,12:00,0,-3,Passing clouds.,22,190,77,1010
20170110,12:00,18:00,0,-3,Passing clouds.,17,190,73,1010
20170110,18:00,00:00,-2,-5,Passing clouds.,12,190,82,1013
20170111,00:00,06:00,-1,-2,Passing clouds.,13,210,85,1013
20170111,06:00,12:00,1,-2,Broken clouds.,26,190,81,1009
20170111,12:00,18:00,2,1,Light snow. Partly sunny.,34,210,85,1001
20170111,18:00,00:00,3,2,Passing clouds.,27,240,88,1002
20170112,00:00,06:00,3,2,Sprinkles. Passing clouds.,28,260,82,1006
20170112,06:00,12:00,4,2,Partly sunny.,29,240,78,1008
20170112,12:00,18:00,4,2,Partly sunny.,26,220,75,1006
20170112,18:00,00:00,3,1,Light rain. Mostly cloudy.,18,170,90,998
20170113,00:00,06:00,4,1,Light rain. Passing clouds.,38,190,87,985
20170113,06:00,12:00,1,0,Light snow. Mostly cloudy.,47,250,93,987
20170113,12:00,18:00,1,0,Partly sunny.,31,270,91,997
20170113,18:00,00:00,0,-1,Passing clouds.,23,260,84,1000
20170114,00:00,06:00,1,-1,Light snow. Passing clouds.,33,230,91,998
20170114,06:00,12:00,1,0,Light snow. Partly sunny.,32,300,93,1003
20170114,12:00,18:00,1,-1,Partly sunny.,23,260,84,1008
20170114,18:00,00:00,0,-1,Passing clouds.,22,250,87,1009
20170115,00:00,06:00,0,-2,Partly cloudy.,22,270,87,1012
20170115,06:00,12:00,-1,-1,Passing clouds.,19,270,86,1015
20170115,12:00,18:00,0,-2,Passing clouds.,17,270,83,1017
20170115,18:00,00:00,-2,-2,Light snow. Partly cloudy.,17,280,92,1019
20170116,00:00,06:00,-2,-4,Passing clouds.,15,340,85,1020
20170116,06:00,12:00,-3,-6,Passing clouds.,12,320,86,1023
20170116,12:00,18:00,-2,-5,Scattered clouds.,11,310,81,1025
20170116,18:00,00:00,-4,-4,Partly cloudy.,7,0,87,1028
20170117,00:00,06:00,-4,-4,Passing clouds.,9,350,89,1030
20170117,06:00,12:00,-1,-4,Partly sunny.,7,350,81,1033
20170117,12:00,18:00,-2,-5,Passing clouds.,10,100,83,1035
20170117,18:00,00:00,-4,-5,Mostly cloudy.,10,80,92,1037
20170118,00:00,06:00,-5,-6,Light snow. Passing clouds.,7,50,95,1038
20170118,06:00,12:00,-5,-6,Partly sunny.,11,90,89,1038
20170118,12:00,18:00,-4,-7,Broken clouds.,11,70,83,1038
20170118,18:00,00:00,-6,-7,Passing clouds.,6,120,88,1038
20170119,00:00,06:00,-7,-8,Low clouds.,3,0,93,1037
20170119,06:00,12:00,-7,-9,Ice fog.,5,200,98,1037
20170119,12:00,18:00,-4,-7,Sunny.,5,0,84,1036
20170119,18:00,00:00,-7,-10,Ice fog.,7,210,95,1036
20170120,00:00,06:00,-8,-10,Clear.,10,210,85,1035
20170120,06:00,12:00,-2,-9,Partly sunny.,9,200,78,1035
20170120,12:00,18:00,-1,-3,Partly sunny.,5,10,71,1034
20170120,18:00,00:00,-2,-3,Passing clouds.,3,0,74,1033
20170121,00:00,06:00,-4,-5,Passing clouds.,3,0,82,1032
20170121,06:00,12:00,-3,-6,Sunny.,4,0,81,1031
20170121,12:00,18:00,0,-3,Sunny.,8,40,79,1030
20170121,18:00,00:00,-2,-5,Clear.,5,0,96,1029
20170122,00:00,06:00,-5,-6,Ice fog.,4,0,98,1028
20170122,06:00,12:00,-6,-7,Ice fog.,6,230,98,1027
20170122,12:00,18:00,-5,-7,Ice fog.,2,0,100,1025
20170122,18:00,00:00,-7,-12,Ice fog.,6,220,97,1024
20170123,00:00,06:00,-11,-12,Passing clouds.,11,220,93,1023
20170123,06:00,12:00,-7,-12,Clear.,9,230,91,1024
20170123,12:00,18:00,-7,-8,Ice fog.,6,0,96,1024
20170123,18:00,00:00,-7,-8,Ice fog.,6,0,94,1025
20170124,00:00,06:00,-5,-7,Light freezing rain. Ice fog.,8,220,97,1024
20170124,06:00,12:00,-4,-5,Snow flurries. Ice fog.,3,0,98,1026
20170124,12:00,18:00,-3,-4,Snow flurries. Mostly cloudy.,3,0,98,1028
20170124,18:00,00:00,-4,-4,Snow flurries. Ice fog.,3,0,100,1029
20170125,00:00,06:00,-3,-4,Snow flurries. Ice fog.,3,0,99,1029
20170125,06:00,12:00,-2,-4,Snow flurries. Ice fog.,5,0,100,1030
20170125,12:00,18:00,-2,-2,Ice fog.,7,70,99,1030
20170125,18:00,00:00,-2,-3,Ice fog.,5,70,95,1030
20170126,00:00,06:00,-2,-3,Overcast.,10,130,88,1029
20170126,06:00,12:00,-1,-5,Passing clouds.,8,130,79,1028
20170126,12:00,18:00,0,-2,Passing clouds.,10,70,77,1026
20170126,18:00,00:00,-3,-5,Clear.,9,90,81,1024
20170127,00:00,06:00,-4,-7,Clear.,7,120,85,1022
20170127,06:00,12:00,0,-8,Sunny.,5,0,78,1022
20170127,12:00,18:00,0,-2,Sunny.,7,0,76,1021
20170127,18:00,00:00,-2,-4,Clear.,14,210,82,1021
20170128,00:00,06:00,-4,-8,Clear.,15,230,95,1019
20170128,06:00,12:00,-1,-9,Sunny.,15,220,84,1018
20170128,12:00,18:00,2,-1,Sunny.,11,240,67,1018
20170128,18:00,00:00,0,-2,Clear.,18,200,78,1019
20170129,00:00,06:00,1,-3,Clear.,18,200,77,1020
20170129,06:00,12:00,5,-1,Passing clouds.,9,190,67,1021
20170129,12:00,18:00,6,1,Partly sunny.,13,250,79,1020
20170129,18:00,00:00,2,0,Passing clouds.,13,200,89,1020
20170130,00:00,06:00,1,0,Clear.,16,180,83,1018
20170130,06:00,12:00,4,2,Light rain. Broken clouds.,18,190,83,1014
20170130,12:00,18:00,5,4,Partly sunny.,29,210,85,1010
20170130,18:00,00:00,4,3,Passing clouds.,16,200,90,1009
20170131,00:00,06:00,4,1,Passing clouds.,11,280,96,1010
20170131,06:00,12:00,1,0,Light snow. Ice fog.,10,280,98,1013
20170131,12:00,18:00,0,0,Drizzle. Ice fog.,9,320,100,1015
20170131,18:00,00:00,0,0,Light freezing rain. Ice fog.,6,50,100,1018
20170201,00:00,06:00,-1,-1,Passing clouds.,4,0,100,1019
20170201,06:00,12:00,1,-1,Partly sunny.,6,0,95,1019
20170201,12:00,18:00,1,0,Partly sunny.,11,150,87,1018
20170201,18:00,00:00,0,-2,Clear.,10,190,93,1017
20170202,00:00,06:00,1,-2,Passing clouds.,8,200,93,1014
20170202,06:00,12:00,6,1,Broken clouds.,6,210,95,1012
20170202,12:00,18:00,8,4,Sunny.,7,170,89,1010
20170202,18:00,00:00,4,3,Clear.,11,190,92,1009
20170203,00:00,06:00,6,4,Clear.,15,190,85,1007
20170203,06:00,12:00,7,5,Sunny.,14,210,85,1006
20170203,12:00,18:00,7,5,Light rain. Partly sunny.,12,200,91,1006
20170203,18:00,00:00,5,3,Clear.,13,200,95,1005
20170204,00:00,06:00,5,3,Clear.,17,210,91,1004
20170204,06:00,12:00,8,4,Passing clouds.,16,170,80,1004
20170204,12:00,18:00,9,5,Passing clouds.,11,130,69,1001
20170204,18:00,00:00,5,2,Clear.,8,130,84,1000
20170205,00:00,06:00,3,2,Passing clouds.,14,220,93,1001
20170205,06:00,12:00,5,3,Partly sunny.,16,240,90,1003
20170205,12:00,18:00,7,2,Partly sunny.,7,10,75,1003
20170205,18:00,00:00,3,2,Passing clouds.,5,20,84,1006
20170206,00:00,06:00,2,1,Fog.,6,10,99,1010
20170206,06:00,12:00,1,1,Fog.,9,10,100,1015
20170206,12:00,18:00,1,0,Fog.,9,20,100,1018
20170206,18:00,00:00,0,-2,Ice fog.,10,50,100,1020
20170207,00:00,06:00,-2,-3,Ice fog.,12,70,100,1020
20170207,06:00,12:00,-2,-3,Snow flurries. Ice fog.,13,70,100,1020
20170207,12:00,18:00,-2,-2,Ice fog.,10,70,100,1019
20170207,18:00,00:00,-2,-2,Ice fog.,11,80,99,1020
20170208,00:00,06:00,-2,-3,Light snow. Ice fog.,12,60,98,1021
20170208,06:00,12:00,-3,-4,Ice fog.,14,60,92,1024
20170208,12:00,18:00,-3,-5,Low clouds.,15,70,88,1025
20170208,18:00,00:00,-5,-5,Low clouds.,11,60,92,1028
20170209,00:00,06:00,-5,-5,Low clouds.,10,110,90,1029
20170209,06:00,12:00,-5,-6,Ice fog.,12,60,93,1029
20170209,12:00,18:00,-4,-5,Ice fog.,18,50,90,1027
20170209,18:00,00:00,-4,-5,Passing clouds.,17,70,90,1026
20170210,00:00,06:00,-5,-6,Ice fog.,19,60,91,1024
20170210,06:00,12:00,-5,-6,Ice fog.,14,50,95,1023
20170210,12:00,18:00,-2,-4,Ice fog.,12,70,90,1022
20170210,18:00,00:00,-2,-2,Ice fog.,7,60,93,1022
20170211,00:00,06:00,-2,-2,Ice fog.,6,40,98,1021
20170211,06:00,12:00,0,-2,Ice fog.,6,350,100,1022
20170211,12:00,18:00,2,0,Fog.,11,60,93,1021
20170211,18:00,00:00,0,-1,Passing clouds.,9,70,96,1023
20170212,00:00,06:00,-1,-2,Passing clouds.,8,70,95,1025
20170212,06:00,12:00,-1,-2,Ice fog.,8,50,96,1027
20170212,12:00,18:00,-1,-1,Ice fog.,11,70,93,1030
20170212,18:00,00:00,-1,-1,Ice fog.,8,70,92,1032
20170213,00:00,06:00,-1,-5,Ice fog.,10,60,96,1032
20170213,06:00,12:00,-1,-6,Ice fog.,10,30,93,1033
20170213,12:00,18:00,2,0,Clear.,15,60,77,1032
20170213,18:00,00:00,0,-3,Clear.,11,50,86,1031
20170214,00:00,06:00,-3,-5,Clear.,7,60,96,1031
20170214,06:00,12:00,0,-6,Ice fog.,7,10,93,1032
20170214,12:00,18:00,4,0,Haze.,12,20,78,1032
20170214,18:00,00:00,2,-1,Ice fog.,4,350,86,1033
20170215,00:00,06:00,-2,-6,Ice fog.,11,230,98,1033
20170215,06:00,12:00,5,-5,Sunny.,11,220,83,1034
20170215,12:00,18:00,8,6,Sunny.,4,0,66,1033
20170215,18:00,00:00,6,0,Clear.,14,210,77,1032
20170216,00:00,06:00,0,-1,Clear.,19,220,87,1031
20170216,06:00,12:00,9,-1,Sunny.,17,220,83,1031
20170216,12:00,18:00,12,8,Sunny.,7,0,68,1028
20170216,18:00,00:00,7,4,Light rain. Passing clouds.,15,250,90,1026
20170217,00:00,06:00,4,2,Passing clouds.,16,260,99,1024
20170217,06:00,12:00,6,2,Sunny.,17,240,91,1022
20170217,12:00,18:00,6,4,Partly sunny.,23,260,91,1022
20170217,18:00,00:00,4,3,Passing clouds.,15,270,100,1024
20170218,00:00,06:00,3,3,Passing clouds.,13,270,99,1024
20170218,06:00,12:00,4,2,More clouds than sun.,11,310,94,1026
20170218,12:00,18:00,5,4,Partly sunny.,8,310,83,1025
20170218,18:00,00:00,4,0,Passing clouds.,9,240,88,1025
20170219,00:00,06:00,0,-2,Clear.,11,200,91,1024
20170219,06:00,12:00,5,-3,Sunny.,14,200,87,1022
20170219,12:00,18:00,6,4,Broken clouds.,16,220,78,1019
20170219,18:00,00:00,4,4,Passing clouds.,15,220,88,1019
20170220,00:00,06:00,4,2,Passing clouds.,14,220,93,1019
20170220,06:00,12:00,7,2,Partly sunny.,20,220,89,1018
20170220,12:00,18:00,8,6,Light rain. Mostly cloudy.,29,230,87,1014
20170220,18:00,00:00,8,7,Passing clouds.,29,230,91,1012
20170221,00:00,06:00,9,8,Passing clouds.,25,250,93,1010
20170221,06:00,12:00,9,8,Broken clouds.,25,290,84,1011
20170221,12:00,18:00,9,7,Partly sunny.,22,290,71,1013
20170221,18:00,00:00,7,4,Passing clouds.,11,200,85,1013
20170222,00:00,06:00,9,6,Passing clouds.,24,230,91,1009
20170222,06:00,12:00,10,9,Partly sunny.,37,240,82,1005
20170222,12:00,18:00,11,9,Broken clouds.,46,240,82,1003
20170222,18:00,00:00,9,6,Drizzle. Low clouds.,32,250,94,1003
20170223,00:00,06:00,9,6,Light rain. Overcast.,23,240,94,1003
20170223,06:00,12:00,9,8,Partly sunny.,31,220,88,1001
20170223,12:00,18:00,11,8,Partly sunny.,36,220,72,994
20170223,18:00,00:00,9,6,Clear.,51,240,66,991
20170224,00:00,06:00,7,2,Light rain. Mostly cloudy.,56,250,75,994
20170224,06:00,12:00,4,0,Partly sunny.,39,280,82,1005
20170224,12:00,18:00,4,2,Scattered clouds.,24,280,79,1011
20170224,18:00,00:00,2,-1,Passing clouds.,18,260,88,1016
20170225,00:00,06:00,-1,-3,Passing clouds.,13,230,90,1019
20170225,06:00,12:00,5,-3,Sunny.,14,210,85,1021
20170225,12:00,18:00,7,5,Partly sunny.,23,220,65,1019
20170225,18:00,00:00,7,5,Clear.,18,200,65,1016
20170226,00:00,06:00,7,5,Clear.,23,220,59,1014
20170226,06:00,12:00,9,5,Sunny.,24,220,66,1012
20170226,12:00,18:00,12,9,Sunny.,30,240,49,1011
20170226,18:00,00:00,9,7,Passing clouds.,16,220,61,1011
20170227,00:00,06:00,8,7,Passing clouds.,15,200,71,1010
20170227,06:00,12:00,12,8,Partly sunny.,20,210,67,1007
20170227,12:00,18:00,12,11,Passing clouds.,27,210,56,1001
20170227,18:00,00:00,12,9,Clear.,28,180,59,995
20170228,00:00,06:00,7,5,Light rain. Mostly cloudy.,25,210,86,994
20170228,06:00,12:00,7,4,Passing clouds.,34,210,75,995
20170228,12:00,18:00,8,5,Partly sunny.,30,200,64,992
20170228,18:00,00:00,4,3,Passing clouds.,27,190,87,993
20170301,00:00,06:00,3,2,Passing clouds.,26,230,81,997
20170301,06:00,12:00,7,2,Broken clouds.,31,230,82,999
20170301,12:00,18:00,9,4,Passing clouds.,36,240,74,1001
20170301,18:00,00:00,5,4,Passing clouds.,15,200,90,1002
20170302,00:00,06:00,7,4,Passing clouds.,26,230,86,999
20170302,06:00,12:00,7,4,Scattered clouds.,49,250,72,1002
20170302,12:00,18:00,8,6,Partly sunny.,43,270,58,1008
20170302,18:00,00:00,5,3,Clear.,27,240,80,1013
20170303,00:00,06:00,5,2,Clear.,15,200,79,1015
20170303,06:00,12:00,8,2,Sunny.,17,180,74,1013
20170303,12:00,18:00,10,7,Sunny.,18,180,49,1008
20170303,18:00,00:00,8,6,Clear.,15,180,57,1003
20170304,00:00,06:00,7,5,Clear.,15,190,60,1000
20170304,06:00,12:00,13,4,Sunny.,11,170,59,998
20170304,12:00,18:00,17,13,Passing clouds.,11,100,43,994
20170304,18:00,00:00,13,9,Clear.,19,180,61,993
20170305,00:00,06:00,8,6,Passing clouds.,23,210,80,998
20170305,06:00,12:00,8,5,Partly sunny.,25,210,73,1002
20170305,12:00,18:00,10,8,Partly sunny.,21,200,59,1001
20170305,18:00,00:00,7,5,Clear.,13,190,73,999
20170306,00:00,06:00,6,2,Light rain. Mostly cloudy.,12,210,91,999
20170306,06:00,12:00,6,2,Broken clouds.,15,210,88,1000
20170306,12:00,18:00,6,4,Drizzle. Broken clouds.,14,260,88,998
20170306,18:00,00:00,4,3,Passing clouds.,14,280,95,1001
20170307,00:00,06:00,3,3,Light rain. Passing clouds.,21,300,95,1005
20170307,06:00,12:00,4,2,Light rain. Broken clouds.,14,310,97,1010
20170307,12:00,18:00,7,4,Scattered clouds.,10,310,86,1013
20170307,18:00,00:00,4,2,Sprinkles. Partly cloudy.,13,230,96,1017
20170308,00:00,06:00,3,2,Partly cloudy.,16,240,94,1019
20170308,06:00,12:00,6,2,Partly sunny.,20,200,85,1020
20170308,12:00,18:00,7,6,Overcast.,31,190,73,1016
20170308,18:00,00:00,6,4,Light rain. Passing clouds.,29,210,91,1013
20170309,00:00,06:00,6,4,Passing clouds.,19,280,97,1015
20170309,06:00,12:00,9,4,Passing clouds.,10,190,85,1018
20170309,12:00,18:00,11,9,Sprinkles. Scattered clouds.,18,220,78,1015
20170309,18:00,00:00,9,5,Sprinkles. Passing clouds.,29,290,82,1016
20170310,00:00,06:00,5,4,Passing clouds.,27,290,82,1020
20170310,06:00,12:00,7,4,Partly sunny.,21,300,77,1024
20170310,12:00,18:00,8,5,Passing clouds.,20,310,67,1025
20170310,18:00,00:00,5,0,Clear.,13,310,83,1026
20170311,00:00,06:00,1,0,Clear.,15,210,90,1026
20170311,06:00,12:00,9,0,Sunny.,7,0,78,1025
20170311,12:00,18:00,10,8,Passing clouds.,11,40,58,1022
20170311,18:00,00:00,7,3,Clear.,7,100,75,1022
20170312,00:00,06:00,2,-1,Clear.,3,0,94,1020
20170312,06:00,12:00,7,-2,Passing clouds.,8,100,79,1020
20170312,12:00,18:00,8,6,Partly sunny.,17,80,57,1018
20170312,18:00,00:00,5,1,Passing clouds.,10,80,69,1020
20170313,00:00,06:00,2,-2,Clear.,5,0,75,1021
20170313,06:00,12:00,8,-2,Passing clouds.,11,180,68,1024
20170313,12:00,18:00,9,8,Sunny.,11,280,52,1025
20170313,18:00,00:00,8,3,Clear.,13,250,70,1027
20170314,00:00,06:00,6,4,Overcast.,16,260,77,1029
20170314,06:00,12:00,10,4,Sunny.,14,280,81,1030
20170314,12:00,18:00,13,11,Partly sunny.,17,280,60,1029
20170314,18:00,00:00,10,6,Clear.,13,220,76,1029
20170315,00:00,06:00,8,5,Passing clouds.,13,230,85,1029
20170315,06:00,12:00,10,7,Broken clouds.,13,280,86,1030
20170315,12:00,18:00,13,10,Partly sunny.,18,290,58,1029
20170315,18:00,00:00,9,5,Clear.,12,260,72,1029
20170316,00:00,06:00,5,3,Clear.,12,230,87,1027
20170316,06:00,12:00,11,4,Sunny.,14,280,70,1026
20170316,12:00,18:00,14,12,Passing clouds.,11,290,40,1022
20170316,18:00,00:00,12,6,Clear.,12,200,58,1019
20170317,00:00,06:00,7,6,Clear.,17,210,65,1015
20170317,06:00,12:00,11,6,Broken clouds.,19,230,66,1013
20170317,12:00,18:00,11,7,Broken clouds.,24,300,69,1012
20170317,18:00,00:00,6,5,Clear.,14,240,73,1011
20170318,00:00,06:00,7,4,Light rain. Passing clouds.,23,230,85,1004
20170318,06:00,12:00,10,5,Partly sunny.,45,250,84,1000
20170318,12:00,18:00,10,8,Light rain. Broken clouds.,33,290,92,1003
20170318,18:00,00:00,8,6,Light rain. Passing clouds.,17,280,93,1007
20170319,00:00,06:00,6,5,Passing clouds.,6,0,93,1009
20170319,06:00,12:00,11,5,Light rain. Partly sunny.,17,190,97,1008
20170319,12:00,18:00,13,11,Partly sunny.,33,250,81,1005
20170319,18:00,00:00,12,10,Passing clouds.,28,260,74,1006
20170320,00:00,06:00,10,9,Passing clouds.,29,240,73,1008
20170320,06:00,12:00,12,9,Broken clouds.,34,240,79,1009
20170320,12:00,18:00,12,11,Partly sunny.,31,220,72,1007
20170320,18:00,00:00,11,9,Passing clouds.,27,220,71,1006
20170321,00:00,06:00,9,8,Passing clouds.,24,220,76,1006
20170321,06:00,12:00,10,7,Partly sunny.,26,230,83,1007
20170321,12:00,18:00,10,6,More clouds than sun.,20,220,85,1008
20170321,18:00,00:00,6,5,Light rain. Mostly cloudy.,11,250,94,1012
20170322,00:00,06:00,5,3,Partly cloudy.,8,280,84,1014
20170322,06:00,12:00,7,3,Passing clouds.,12,100,71,1016
20170322,12:00,18:00,9,7,Light rain. Mostly cloudy.,16,100,68,1015
20170322,18:00,00:00,7,5,Passing clouds.,11,90,88,1015
20170323,00:00,06:00,5,5,Passing clouds.,6,100,95,1015
20170323,06:00,12:00,7,5,Fog.,7,350,99,1016
20170323,12:00,18:00,8,7,Partly sunny.,11,40,90,1018
20170323,18:00,00:00,7,5,Passing clouds.,14,70,92,1021
20170324,00:00,06:00,5,4,Fog.,12,50,95,1024
20170324,06:00,12:00,9,4,Partly sunny.,14,70,86,1028
20170324,12:00,18:00,10,8,Passing clouds.,17,70,65,1029
20170324,18:00,00:00,8,5,Clear.,7,60,71,1031
20170325,00:00,06:00,4,-1,Clear.,5,0,88,1031
20170325,06:00,12:00,10,-1,Sunny.,8,30,79,1030
20170325,12:00,18:00,12,11,Passing clouds.,13,50,47,1026
20170325,18:00,00:00,10,5,Clear.,6,0,56,1024
20170326,00:00,06:00,5,2,Clear.,6,30,79,1024
20170326,06:00,12:00,8,1,Sunny.,6,30,84,1024
20170326,12:00,18:00,12,9,Passing clouds.,14,70,53,1024
20170326,18:00,00:00,11,6,Clear.,10,70,56,1025
20170327,00:00,06:00,5,0,Clear.,10,200,78,1026
20170327,06:00,12:00,12,1,Sunny.,7,200,62,1026
20170327,12:00,18:00,16,12,Passing clouds.,12,0,40,1024
20170327,18:00,00:00,16,6,Clear.,10,90,51,1023
20170328,00:00,06:00,6,2,Clear.,18,210,80,1022
20170328,06:00,12:00,17,2,Sunny.,14,210,63,1022
20170328,12:00,18:00,20,18,Passing clouds.,16,240,30,1021
20170328,18:00,00:00,18,11,Clear.,16,250,56,1021
20170329,00:00,06:00,12,7,Clear.,14,230,77,1022
20170329,06:00,12:00,14,8,Sunny.,23,250,73,1023
20170329,12:00,18:00,16,14,Partly sunny.,31,260,57,1023
20170329,18:00,00:00,15,11,Clear.,17,290,65,1024
20170330,00:00,06:00,11,10,Passing clouds.,12,230,79,1026
20170330,06:00,12:00,16,10,Partly sunny.,14,230,77,1026
20170330,12:00,18:00,19,16,Scattered clouds.,10,220,54,1025
20170330,18:00,00:00,17,12,Clear.,12,190,67,1024
20170331,00:00,06:00,11,10,Clear.,14,190,80,1021
20170331,06:00,12:00,20,10,Sunny.,19,190,66,1019
20170331,12:00,18:00,22,21,Passing clouds.,22,200,37,1016
20170331,18:00,00:00,21,12,Clear.,14,200,50,1014
20170401,00:00,06:00,12,7,Clear.,15,210,70,1013
20170401,06:00,12:00,16,6,Sunny.,10,210,67,1012
20170401,12:00,18:00,20,15,Scattered clouds.,14,50,59,1010
20170401,18:00,00:00,16,11,Clear.,8,350,77,1010
20170402,00:00,06:00,10,6,Clear.,17,270,97,1013
20170402,06:00,12:00,14,7,Fog.,10,260,94,1017
20170402,12:00,18:00,16,14,More clouds than sun.,12,350,72,1019
20170402,18:00,00:00,14,11,Clear.,7,50,78,1022
20170403,00:00,06:00,11,5,Fog.,8,270,93,1023
20170403,06:00,12:00,11,4,Fog.,8,220,89,1025
20170403,12:00,18:00,11,9,Partly sunny.,15,50,86,1026
20170403,18:00,00:00,9,7,Passing clouds.,14,90,87,1026
20170404,00:00,06:00,7,5,Passing clouds.,6,40,96,1025
20170404,06:00,12:00,9,5,Broken clouds.,8,60,87,1024
20170404,12:00,18:00,10,9,Broken clouds.,9,60,73,1024
20170404,18:00,00:00,9,7,Passing clouds.,5,60,86,1024
20170405,00:00,06:00,7,6,Passing clouds.,4,290,96,1023
20170405,06:00,12:00,11,6,Partly sunny.,11,270,85,1023
20170405,12:00,18:00,13,11,Mostly cloudy.,17,320,63,1021
20170405,18:00,00:00,11,5,Passing clouds.,21,340,71,1021
20170406,00:00,06:00,5,4,Passing clouds.,20,300,78,1021
20170406,06:00,12:00,8,3,Partly sunny.,23,320,77,1023
20170406,12:00,18:00,10,8,Scattered clouds.,22,320,55,1024
20170406,18:00,00:00,10,8,Clear.,19,310,60,1023
20170407,00:00,06:00,7,6,Passing clouds.,20,300,76,1022
20170407,06:00,12:00,7,5,Overcast.,21,270,83,1022
20170407,12:00,18:00,11,8,Partly sunny.,26,280,71,1021
20170407,18:00,00:00,11,10,Overcast.,17,280,77,1022
20170408,00:00,06:00,9,5,Clear.,17,270,93,1023
20170408,06:00,12:00,13,5,Sunny.,9,280,90,1024
20170408,12:00,18:00,14,13,Partly sunny.,8,280,68,1024
20170408,18:00,00:00,13,8,Clear.,6,20,84,1024
20170409,00:00,06:00,8,4,Fog.,6,210,100,1024
20170409,06:00,12:00,12,2,Passing clouds.,8,210,92,1025
20170409,12:00,18:00,18,13,Passing clouds.,6,350,62,1024
20170409,18:00,00:00,18,10,Clear.,9,200,71,1021
20170410,00:00,06:00,11,8,Clear.,19,200,83,1019
20170410,06:00,12:00,20,8,Sunny.,20,210,62,1016
20170410,12:00,18:00,20,12,Sunny.,32,340,60,1017
20170410,18:00,00:00,11,6,Passing clouds.,19,330,73,1019
20170411,00:00,06:00,6,4,Passing clouds.,12,280,78,1021
20170411,06:00,12:00,9,4,Scattered clouds.,20,320,72,1023
20170411,12:00,18:00,10,8,Partly sunny.,18,290,56,1024
20170411,18:00,00:00,10,8,Clear.,14,220,62,1023
20170412,00:00,06:00,8,7,Clear.,18,230,70,1020
20170412,06:00,12:00,13,8,Sunny.,27,230,63,1017
20170412,12:00,18:00,13,11,Sunny.,28,250,60,1013
20170412,18:00,00:00,11,9,Passing clouds.,12,200,78,1011
20170413,00:00,06:00,9,8,Passing clouds.,20,270,83,1010
20170413,06:00,12:00,11,6,Partly sunny.,23,290,81,1012
20170413,12:00,18:00,11,10,Partly sunny.,27,280,61,1013
20170413,18:00,00:00,10,7,Partly cloudy.,14,310,73,1014
20170414,00:00,06:00,6,3,Clear.,10,240,86,1014
20170414,06:00,12:00,9,3,Partly sunny.,13,270,79,1016
20170414,12:00,18:00,11,9,Partly sunny.,20,290,54,1015
20170414,18:00,00:00,11,8,Clear.,11,300,64,1015
20170415,00:00,06:00,8,5,Passing clouds.,8,200,75,1014
20170415,06:00,12:00,11,5,Sunny.,23,230,73,1012
20170415,12:00,18:00,12,7,Partly sunny.,30,250,76,1011
20170415,18:00,00:00,7,3,Clear.,17,260,88,1013
20170416,00:00,06:00,3,2,Clear.,19,260,86,1015
20170416,06:00,12:00,8,1,Partly sunny.,21,280,80,1016
20170416,12:00,18:00,9,4,Broken clouds.,25,260,73,1016
20170416,18:00,00:00,8,3,Clear.,17,280,85,1017
20170417,00:00,06:00,4,2,Light rain. Partly cloudy.,11,280,97,1017
20170417,06:00,12:00,4,1,Drizzle. Broken clouds.,9,210,98,1015
20170417,12:00,18:00,7,1,Sprinkles. Partly sunny.,10,350,84,1014
20170417,18:00,00:00,5,3,Passing clouds.,16,280,90,1016
20170418,00:00,06:00,2,1,Sprinkles. Passing clouds.,18,310,96,1016
20170418,06:00,12:00,4,0,Partly sunny.,20,330,89,1019
20170418,12:00,18:00,5,1,Sprinkles. Scattered clouds.,21,10,92,1022
20170418,18:00,00:00,2,1,Light rain. Partly cloudy.,18,20,100,1026
20170419,00:00,06:00,1,-2,Passing clouds.,14,10,96,1028
20170419,06:00,12:00,3,-1,Partly sunny.,17,30,90,1031
20170419,12:00,18:00,4,0,Snow showers. Partly sunny.,20,30,74,1032
20170419,18:00,00:00,2,-2,Scattered showers. Scattered clouds.,10,350,82,1033
20170420,00:00,06:00,-1,-3,Passing clouds.,8,340,83,1034
20170420,06:00,12:00,4,-2,Scattered clouds.,6,10,72,1035
20170420,12:00,18:00,7,3,Partly sunny.,7,0,54,1034
20170420,18:00,00:00,7,2,Clear.,9,210,62,1032
20170421,00:00,06:00,2,1,Clear.,14,210,83,1030
20170421,06:00,12:00,10,1,Partly sunny.,18,250,67,1029
20170421,12:00,18:00,12,10,Broken clouds.,28,270,58,1026
20170421,18:00,00:00,11,10,Passing clouds.,27,250,66,1023
20170422,00:00,06:00,9,7,Partly cloudy.,23,270,83,1021
20170422,06:00,12:00,7,5,Light rain. More clouds than sun.,21,330,89,1021
20170422,12:00,18:00,8,6,Partly sunny.,29,310,63,1020
20170422,18:00,00:00,7,3,Partly sunny.,18,290,71,1020
20170423,00:00,06:00,3,1,Passing clouds.,14,270,82,1020
20170423,06:00,12:00,6,3,Partly sunny.,19,280,75,1022
20170423,12:00,18:00,9,6,Passing clouds.,25,290,55,1021
20170423,18:00,00:00,7,3,Partly sunny.,15,270,69,1022
20170424,00:00,06:00,3,-1,Clear.,13,270,88,1021
20170424,06:00,12:00,10,-1,Sunny.,17,200,70,1018
20170424,12:00,18:00,14,11,Passing clouds.,22,230,46,1013
20170424,18:00,00:00,13,7,Clear.,13,200,57,1009
20170425,00:00,06:00,7,4,Clear.,13,210,75,1005
20170425,06:00,12:00,9,4,Drizzle. Broken clouds.,21,230,80,1004
20170425,12:00,18:00,10,6,More clouds than sun.,23,270,62,1007
20170425,18:00,00:00,9,3,Clear.,12,280,67,1008
20170426,00:00,06:00,3,2,Clear.,6,270,86,1009
20170426,06:00,12:00,7,2,Sunny.,4,0,74,1010
20170426,12:00,18:00,9,7,Sunny.,5,0,50,1011
20170426,18:00,00:00,8,2,Clear.,10,200,64,1012
20170427,00:00,06:00,1,-1,Clear.,11,210,89,1012
20170427,06:00,12:00,9,-1,Scattered clouds.,8,200,76,1014
20170427,12:00,18:00,11,7,Scattered clouds.,10,180,63,1014
20170427,18:00,00:00,8,4,Broken clouds.,9,180,81,1014
20170428,00:00,06:00,5,0,Clear.,5,0,94,1013
20170428,06:00,12:00,10,-1,Passing clouds.,8,220,81,1013
20170428,12:00,18:00,11,10,Passing clouds.,11,0,46,1012
20170428,18:00,00:00,11,6,Clear.,11,330,59,1014
20170429,00:00,06:00,5,3,Clear.,14,260,80,1015
20170429,06:00,12:00,10,4,Scattered clouds.,16,280,74,1017
20170429,12:00,18:00,11,9,Passing clouds.,18,340,54,1017
20170429,18:00,00:00,10,6,Clear.,9,0,55,1018
20170430,00:00,06:00,6,3,Clear.,5,0,73,1018
20170430,06:00,12:00,12,3,Sunny.,13,40,68,1018
20170430,12:00,18:00,15,12,Passing clouds.,24,100,45,1014
20170430,18:00,00:00,14,8,Passing clouds.,18,80,56,1011
20170501,00:00,06:00,7,3,Clear.,13,70,84,1010
20170501,06:00,12:00,12,3,Sunny.,12,60,76,1010
20170501,12:00,18:00,15,12,Partly sunny.,12,40,58,1011
20170501,18:00,00:00,14,8,Light rain. Passing clouds.,13,280,80,1013
20170502,00:00,06:00,10,8,Clear.,12,0,83,1012
20170502,06:00,12:00,7,6,Drizzle. Fog.,16,10,98,1012
20170502,12:00,18:00,9,6,Broken clouds.,11,40,92,1012
20170502,18:00,00:00,9,6,Passing clouds.,9,190,90,1015
20170503,00:00,06:00,7,6,Passing clouds.,8,130,94,1018
20170503,06:00,12:00,12,6,Partly sunny.,10,40,82,1020
20170503,12:00,18:00,16,13,Partly sunny.,23,50,65,1019
20170503,18:00,00:00,13,11,More clouds than sun.,19,30,82,1018
20170504,00:00,06:00,10,9,Low clouds.,14,50,96,1018
20170504,06:00,12:00,9,8,Low clouds.,15,40,99,1017
20170504,12:00,18:00,9,7,Partly sunny.,20,20,97,1017
20170504,18:00,00:00,7,7,Drizzle. Fog.,11,20,100,1017
20170505,00:00,06:00,7,7,Low clouds.,7,350,100,1017
20170505,06:00,12:00,10,7,Partly sunny.,6,330,94,1019
20170505,12:00,18:00,11,10,Partly sunny.,4,350,83,1019
20170505,18:00,00:00,11,8,Passing clouds.,6,70,92,1019
20170506,00:00,06:00,8,7,Fog.,5,20,100,1018
20170506,06:00,12:00,13,7,Fog.,7,0,94,1016
20170506,12:00,18:00,16,14,Passing clouds.,18,50,75,1012
20170506,18:00,00:00,16,10,Passing clouds.,12,0,89,1010
20170507,00:00,06:00,10,8,Fog.,4,0,100,1011
20170507,06:00,12:00,14,9,Fog.,6,0,90,1012
20170507,12:00,18:00,18,15,Partly sunny.,11,0,70,1013
20170507,18:00,00:00,16,12,Sunny.,7,310,78,1013
20170508,00:00,06:00,12,10,Partly cloudy.,15,320,84,1013
20170508,06:00,12:00,10,8,Partly sunny.,22,310,86,1015
20170508,12:00,18:00,9,7,Broken clouds.,21,310,87,1016
20170508,18:00,00:00,8,5,Partly cloudy.,15,20,96,1018
20170509,00:00,06:00,5,3,Partly cloudy.,8,10,100,1019
20170509,06:00,12:00,7,4,Partly sunny.,9,20,82,1019
20170509,12:00,18:00,10,8,Partly sunny.,6,0,52,1018
20170509,18:00,00:00,9,4,Clear.,5,0,61,1015
20170510,00:00,06:00,2,0,Clear.,15,200,90,1013
20170510,06:00,12:00,12,1,Partly sunny.,13,210,70,1011
20170510,12:00,18:00,16,13,Passing clouds.,10,0,46,1008
20170510,18:00,00:00,16,8,Sunny.,7,10,57,1006
20170511,00:00,06:00,8,4,Clear.,5,40,87,1006
20170511,06:00,12:00,17,4,Passing clouds.,8,50,79,1004
20170511,12:00,18:00,22,17,Passing clouds.,11,40,50,1001
20170511,18:00,00:00,18,15,Clear.,6,20,71,1000
20170512,00:00,06:00,15,9,Clear.,7,340,80,1000
20170512,06:00,12:00,19,11,Sunny.,8,0,81,1002
20170512,12:00,18:00,18,12,Sprinkles. Scattered clouds.,13,300,90,1004
20170512,18:00,00:00,15,11,Broken clouds.,9,200,94,1005
20170513,00:00,06:00,11,8,Light fog.,14,220,100,1007
20170513,06:00,12:00,19,8,Sunny.,13,210,87,1010
20170513,12:00,18:00,21,17,Passing clouds.,14,200,68,1012
20170513,18:00,00:00,19,12,Thunderstorms. Scattered clouds.,10,180,84,1014
20170514,00:00,06:00,12,10,Clear.,11,210,100,1017
20170514,06:00,12:00,15,11,Broken clouds.,13,210,98,1020
20170514,12:00,18:00,20,16,Scattered clouds.,5,350,70,1022
20170514,18:00,00:00,19,11,Clear.,11,210,82,1023
20170515,00:00,06:00,11,9,Clear.,14,240,96,1025
20170515,06:00,12:00,16,10,Scattered clouds.,13,280,84,1028
20170515,12:00,18:00,19,17,Scattered clouds.,12,350,58,1029
20170515,18:00,00:00,18,12,Scattered clouds.,5,330,61,1030
20170516,00:00,06:00,12,9,Clear.,15,200,89,1030
20170516,06:00,12:00,21,9,Sunny.,8,210,72,1030
20170516,12:00,18:00,22,21,Passing clouds.,6,0,52,1029
20170516,18:00,00:00,22,17,Clear.,7,70,63,1027
20170517,00:00,06:00,17,15,Clear.,7,200,74,1026
20170517,06:00,12:00,21,15,Passing clouds.,6,40,73,1025
20170517,12:00,18:00,25,22,Passing clouds.,12,70,55,1021
20170517,18:00,00:00,24,19,Passing clouds.,11,70,63,1017
20170518,00:00,06:00,19,16,Clear.,18,190,70,1015
20170518,06:00,12:00,25,17,Sunny.,12,190,60,1013
20170518,12:00,18:00,28,24,Scattered clouds.,9,0,52,1012
20170518,18:00,00:00,24,19,Clear.,8,330,76,1011
20170519,00:00,06:00,19,14,Scattered showers. Passing clouds.,6,0,92,1010
20170519,06:00,12:00,17,14,Partly sunny.,13,270,96,1010
20170519,12:00,18:00,21,17,Partly sunny.,11,350,87,1008
20170519,18:00,00:00,17,10,Light rain. Broken clouds.,29,260,98,1012
20170520,00:00,06:00,10,9,Mostly cloudy.,16,250,97,1017
20170520,06:00,12:00,15,9,Scattered clouds.,17,250,83,1019
20170520,12:00,18:00,17,15,Passing clouds.,17,280,61,1022
20170520,18:00,00:00,17,10,Sunny.,12,290,70,1024
20170521,00:00,06:00,10,7,Clear.,12,250,93,1026
20170521,06:00,12:00,18,8,Sunny.,7,0,76,1028
20170521,12:00,18:00,19,17,Passing clouds.,8,0,54,1027
20170521,18:00,00:00,18,13,Clear.,8,70,63,1024
20170522,00:00,06:00,13,8,Clear.,7,220,84,1023
20170522,06:00,12:00,17,9,Sunny.,6,0,78,1022
20170522,12:00,18:00,19,17,Passing clouds.,13,50,57,1020
20170522,18:00,00:00,18,13,Clear.,8,70,63,1018
20170523,00:00,06:00,12,8,Clear.,12,210,91,1018
20170523,06:00,12:00,22,9,Sunny.,12,210,74,1017
20170523,12:00,18:00,23,22,Passing clouds.,15,280,54,1016
20170523,18:00,00:00,21,14,Clear.,16,280,77,1017
20170524,00:00,06:00,13,10,Clear.,20,310,73,1020
20170524,06:00,12:00,15,10,Broken clouds.,19,320,70,1022
20170524,12:00,18:00,16,14,Broken clouds.,23,320,63,1021
20170524,18:00,00:00,16,12,Partly sunny.,11,330,77,1022
20170525,00:00,06:00,12,11,Passing clouds.,7,250,94,1022
20170525,06:00,12:00,16,11,Partly sunny.,11,320,80,1023
20170525,12:00,18:00,19,17,Scattered clouds.,15,310,62,1022
20170525,18:00,00:00,19,15,Partly sunny.,9,0,69,1022
20170526,00:00,06:00,14,9,Passing clouds.,9,320,96,1022
20170526,06:00,12:00,20,10,Passing clouds.,9,280,89,1023
20170526,12:00,18:00,23,20,Passing clouds.,7,0,58,1022
20170526,18:00,00:00,23,17,Clear.,8,60,67,1021
20170527,00:00,06:00,17,11,Clear.,4,0,88,1022
20170527,06:00,12:00,22,13,Passing clouds.,7,40,74,1023
20170527,12:00,18:00,25,23,Passing clouds.,15,70,49,1021
20170527,18:00,00:00,24,18,Passing clouds.,10,60,59,1020
20170528,00:00,06:00,17,16,Clear.,16,190,69,1020
20170528,06:00,12:00,26,17,Passing clouds.,13,190,55,1020
20170528,12:00,18:00,29,27,Passing clouds.,6,0,37,1019
20170528,18:00,00:00,28,19,Sunny.,7,200,53,1018
20170529,00:00,06:00,20,15,Clear.,13,200,68,1016
20170529,06:00,12:00,26,16,Sunny.,9,200,67,1016
20170529,12:00,18:00,31,23,Partly sunny.,9,0,50,1014
20170529,18:00,00:00,26,21,Clear.,11,200,72,1013
20170530,00:00,06:00,21,18,Clear.,16,210,76,1012
20170530,06:00,12:00,24,19,Sunny.,18,200,73,1014
20170530,12:00,18:00,27,18,Scattered clouds.,18,240,64,1013
20170530,18:00,00:00,19,16,Clear.,13,240,95,1016
20170531,00:00,06:00,16,14,Passing clouds.,12,290,96,1018
20170531,06:00,12:00,19,14,Scattered clouds.,12,270,78,1021
20170531,12:00,18:00,21,18,Scattered clouds.,13,300,62,1021
20170531,18:00,00:00,21,15,Scattered clouds.,10,0,70,1020
20170601,00:00,06:00,15,12,Clear.,7,270,89,1022
20170601,06:00,12:00,19,13,Scattered clouds.,6,0,75,1023
20170601,12:00,18:00,22,19,Passing clouds.,12,330,52,1022
20170601,18:00,00:00,22,16,Clear.,6,0,47,1020
20170602,00:00,06:00,15,9,Clear.,12,210,78,1019
20170602,06:00,12:00,22,11,Sunny.,6,0,70,1019
20170602,12:00,18:00,26,23,Passing clouds.,7,0,50,1018
20170602,18:00,00:00,25,19,Scattered clouds.,10,90,60,1016
20170603,00:00,06:00,18,16,Passing clouds.,9,190,77,1016
20170603,06:00,12:00,23,16,Sprinkles. Partly sunny.,8,200,83,1015
20170603,12:00,18:00,26,16,Thundershowers. Broken clouds.,9,0,75,1013
20170603,18:00,00:00,20,17,Broken clouds.,7,0,96,1012
20170604,00:00,06:00,16,16,Light rain. Fog.,10,270,100,1010
20170604,06:00,12:00,16,14,Rain. More clouds than sun.,20,300,96,1011
20170604,12:00,18:00,19,15,Passing clouds.,25,290,63,1014
20170604,18:00,00:00,19,13,Sunny.,12,270,67,1016
20170605,00:00,06:00,13,10,Clear.,11,220,98,1016
20170605,06:00,12:00,18,11,Broken clouds.,7,0,81,1016
20170605,12:00,18:00,19,16,Partly sunny.,8,30,74,1014
20170605,18:00,00:00,16,13,Sunny.,11,180,80,1012
20170606,00:00,06:00,13,11,Clear.,11,190,93,1008
20170606,06:00,12:00,20,12,Partly sunny.,13,180,77,1005
20170606,12:00,18:00,20,14,Partly sunny.,21,200,79,1003
20170606,18:00,00:00,15,11,Partly sunny.,21,230,72,1005
20170607,00:00,06:00,10,9,Clear.,21,220,76,1009
20170607,06:00,12:00,14,10,Broken clouds.,30,230,69,1011
20170607,12:00,18:00,17,10,Scattered clouds.,35,230,63,1014
20170607,18:00,00:00,14,10,Scattered showers. Scattered clouds.,18,240,78,1017
20170608,00:00,06:00,11,10,Clear.,14,210,86,1019
20170608,06:00,12:00,18,11,Sunny.,16,210,72,1019
20170608,12:00,18:00,21,18,Partly sunny.,21,220,51,1018
20170608,18:00,00:00,20,16,Sunny.,13,200,61,1016
20170609,00:00,06:00,15,13,Clear.,14,200,68,1015
20170609,06:00,12:00,24,15,Sunny.,18,180,53,1013
20170609,12:00,18:00,24,17,Sunny.,24,210,58,1013
20170609,18:00,00:00,18,11,Clear.,17,210,87,1016
20170610,00:00,06:00,10,9,Clear.,15,220,100,1018
20170610,06:00,12:00,19,9,Scattered clouds.,13,230,80,1020
20170610,12:00,18:00,21,18,Passing clouds.,15,300,53,1021
20170610,18:00,00:00,21,16,Sunny.,9,310,63,1021
20170611,00:00,06:00,16,13,Clear.,15,200,76,1021
20170611,06:00,12:00,24,15,Sunny.,10,200,61,1021
20170611,12:00,18:00,27,25,Passing clouds.,10,0,46,1018
20170611,18:00,00:00,27,21,Clear.,11,190,55,1014
20170612,00:00,06:00,22,18,Clear.,13,200,72,1012
20170612,06:00,12:00,21,18,Scattered clouds.,14,320,76,1013
20170612,12:00,18:00,22,21,Sunny.,29,270,48,1015
20170612,18:00,00:00,20,12,Sunny.,14,310,69,1016
20170613,00:00,06:00,13,12,Passing clouds.,10,270,78,1018
20170613,06:00,12:00,17,12,Broken clouds.,18,280,74,1018
20170613,12:00,18:00,18,16,Partly sunny.,19,280,65,1019
20170613,18:00,00:00,17,12,Sunny.,12,290,73,1019
20170614,00:00,06:00,12,8,Clear.,12,240,92,1020
20170614,06:00,12:00,19,9,Passing clouds.,8,0,74,1021
20170614,12:00,18:00,22,19,Scattered clouds.,8,0,51,1019
20170614,18:00,00:00,22,16,Passing clouds.,9,70,58,1018
20170615,00:00,06:00,16,11,Clear.,5,210,78,1018
20170615,06:00,12:00,23,13,Sunny.,5,0,67,1017
20170615,12:00,18:00,26,24,Passing clouds.,6,0,50,1016
20170615,18:00,00:00,25,16,Sunny.,10,210,73,1014
20170616,00:00,06:00,16,15,Passing clouds.,13,270,98,1014
20170616,06:00,12:00,18,16,Scattered clouds.,22,280,82,1017
20170616,12:00,18:00,19,17,Partly sunny.,23,300,64,1018
20170616,18:00,00:00,17,13,Partly sunny.,20,300,68,1021
20170617,00:00,06:00,12,9,Clear.,13,280,88,1023
20170617,06:00,12:00,16,11,Broken clouds.,19,320,77,1024
20170617,12:00,18:00,19,15,Passing clouds.,25,320,64,1024
20170617,18:00,00:00,18,13,Scattered clouds.,20,290,85,1025
20170618,00:00,06:00,13,10,Fog.,10,240,99,1026
20170618,06:00,12:00,19,12,Scattered clouds.,9,200,83,1026
20170618,12:00,18:00,24,21,Passing clouds.,9,0,52,1026
20170618,18:00,00:00,24,17,Passing clouds.,7,90,60,1024
20170619,00:00,06:00,16,13,Clear.,10,200,78,1024
20170619,06:00,12:00,25,14,Sunny.,6,0,63,1024
20170619,12:00,18:00,28,25,Sunny.,9,10,43,1021
20170619,18:00,00:00,27,20,Clear.,8,70,55,1019
20170620,00:00,06:00,20,14,Clear.,13,210,88,1018
20170620,06:00,12:00,27,16,Scattered clouds.,11,250,72,1017
20170620,12:00,18:00,29,28,Passing clouds.,13,320,44,1017
20170620,18:00,00:00,28,19,Sunny.,15,30,68,1018
20170621,00:00,06:00,20,15,Clear.,8,30,80,1019
20170621,06:00,12:00,23,15,Passing clouds.,6,0,62,1019
20170621,12:00,18:00,26,24,Partly sunny.,10,0,50,1018
20170621,18:00,00:00,26,19,Passing clouds.,7,350,58,1017
20170622,00:00,06:00,19,14,Clear.,11,210,85,1016
20170622,06:00,12:00,29,16,Sunny.,12,180,63,1015
20170622,12:00,18:00,32,29,Sunny.,24,250,41,1012
20170622,18:00,00:00,24,18,Thunderstorms. Passing clouds.,18,190,87,1011
20170623,00:00,06:00,19,16,Passing clouds.,19,260,89,1011
20170623,06:00,12:00,20,17,Overcast.,21,280,80,1014
20170623,12:00,18:00,23,21,Broken clouds.,26,270,59,1015
20170623,18:00,00:00,23,17,Clear.,13,260,67,1016
20170624,00:00,06:00,17,13,Clear.,13,210,85,1016
20170624,06:00,12:00,21,15,Passing clouds.,25,240,66,1015
20170624,12:00,18:00,23,21,Scattered clouds.,28,280,52,1015
20170624,18:00,00:00,23,17,Clear.,14,270,64,1014
20170625,00:00,06:00,16,13,Clear.,10,200,90,1013
20170625,06:00,12:00,23,15,Sunny.,26,250,67,1012
20170625,12:00,18:00,22,18,Partly sunny.,28,260,67,1012
20170625,18:00,00:00,20,16,Broken clouds.,14,260,76,1012
20170626,00:00,06:00,16,15,Clear.,15,230,79,1012
20170626,06:00,12:00,19,16,Scattered clouds.,21,270,71,1012
20170626,12:00,18:00,19,17,Partly sunny.,12,350,73,1014
20170626,18:00,00:00,20,16,Scattered clouds.,6,0,74,1013
20170627,00:00,06:00,15,12,Passing clouds.,6,10,92,1013
20170627,06:00,12:00,17,13,Partly sunny.,8,10,84,1013
20170627,12:00,18:00,21,18,Partly sunny.,13,80,72,1011
20170627,18:00,00:00,21,17,Passing clouds.,11,80,76,1007
20170628,00:00,06:00,17,14,Clear.,6,10,94,1004
20170628,06:00,12:00,21,14,Scattered clouds.,8,0,88,1001
20170628,12:00,18:00,23,17,Partly sunny.,16,210,75,1000
20170628,18:00,00:00,22,17,Scattered clouds.,9,220,73,998
20170629,00:00,06:00,17,14,Clear.,10,200,92,996
20170629,06:00,12:00,16,14,Light rain. More clouds than sun.,15,270,96,996
20170629,12:00,18:00,17,16,Light rain. Partly sunny.,23,260,91,998
20170629,18:00,00:00,17,15,Broken clouds.,15,240,83,999
20170630,00:00,06:00,15,14,Clear.,19,230,86,1001
20170630,06:00,12:00,17,14,Broken clouds.,28,240,76,1003
20170630,12:00,18:00,20,18,Partly sunny.,36,240,55,1005
20170630,18:00,00:00,20,15,Sunny.,21,220,63,1006
20170701,00:00,06:00,15,12,Clear.,17,230,78,1006
20170701,06:00,12:00,17,14,Partly sunny.,23,230,82,1007
20170701,12:00,18:00,19,16,Partly sunny.,32,250,71,1009
20170701,18:00,00:00,15,14,Light rain. More clouds than sun.,20,250,96,1011
20170702,00:00,06:00,14,12,Passing clouds.,18,270,96,1014
20170702,06:00,12:00,18,13,Partly sunny.,21,270,82,1017
20170702,12:00,18:00,20,16,Partly sunny.,20,280,70,1018
20170702,18:00,00:00,16,14,Partly sunny.,16,270,88,1019
20170703,00:00,06:00,15,11,Passing clouds.,12,270,96,1021
20170703,06:00,12:00,18,12,Scattered clouds.,15,270,76,1022
20170703,12:00,18:00,22,19,Passing clouds.,20,270,46,1020
20170703,18:00,00:00,21,16,Sunny.,13,240,56,1019
20170704,00:00,06:00,16,15,Clear.,13,280,73,1019
20170704,06:00,12:00,20,15,Broken clouds.,16,290,66,1020
20170704,12:00,18:00,23,20,Scattered clouds.,16,300,55,1020
20170704,18:00,00:00,21,18,Clear.,7,0,62,1020
20170705,00:00,06:00,18,13,Clear.,5,170,78,1019
20170705,06:00,12:00,24,13,Sunny.,9,350,66,1018
20170705,12:00,18:00,24,22,Passing clouds.,12,0,52,1018
20170705,18:00,00:00,23,17,Scattered clouds.,11,50,65,1019
20170706,00:00,06:00,17,14,Clear.,4,350,83,1019
20170706,06:00,12:00,24,14,Sunny.,5,0,70,1019
20170706,12:00,18:00,28,25,Sunny.,6,0,43,1019
20170706,18:00,00:00,27,21,Clear.,9,90,54,1017
20170707,00:00,06:00,21,17,Clear.,12,200,76,1016
20170707,06:00,12:00,27,18,Sunny.,21,210,66,1015
20170707,12:00,18:00,29,26,Scattered clouds.,26,270,48,1014
20170707,18:00,00:00,25,18,Thundershowers. Scattered clouds.,15,210,83,1015
20170708,00:00,06:00,18,16,Clear.,11,230,92,1016
20170708,06:00,12:00,22,17,Sunny.,14,280,79,1017
20170708,12:00,18:00,26,22,Passing clouds.,19,320,50,1016
20170708,18:00,00:00,25,21,Sunny.,8,0,53,1016
20170709,00:00,06:00,20,17,Clear.,9,70,76,1016
20170709,06:00,12:00,23,17,Scattered clouds.,13,60,72,1015
20170709,12:00,18:00,27,24,Partly sunny.,16,30,55,1013
20170709,18:00,00:00,25,19,Clear.,13,40,64,1012
20170710,00:00,06:00,19,17,Thundershowers. Partly sunny.,10,60,89,1010
20170710,06:00,12:00,21,17,Broken clouds.,8,190,92,1009
20170710,12:00,18:00,24,19,Partly sunny.,20,220,75,1008
20170710,18:00,00:00,20,17,Sunny.,13,260,90,1009
20170711,00:00,06:00,17,16,Clear.,13,200,94,1010
20170711,06:00,12:00,21,16,Broken clouds.,15,240,81,1011
20170711,12:00,18:00,23,18,Partly sunny.,24,240,61,1012
20170711,18:00,00:00,22,16,Sunny.,18,230,62,1013
20170712,00:00,06:00,16,14,Clear.,12,200,81,1012
20170712,06:00,12:00,19,16,Partly sunny.,19,210,75,1010
20170712,12:00,18:00,20,16,Sprinkles. Partly sunny.,23,200,84,1008
20170712,18:00,00:00,19,12,Partly cloudy.,35,300,83,1011
20170713,00:00,06:00,12,7,Passing clouds.,17,270,92,1020
20170713,06:00,12:00,15,9,Scattered clouds.,16,270,75,1022
20170713,12:00,18:00,19,15,Passing clouds.,11,290,51,1022
20170713,18:00,00:00,18,13,Clear.,6,0,57,1020
20170714,00:00,06:00,13,10,Clear.,6,200,80,1018
20170714,06:00,12:00,19,10,Passing clouds.,8,180,67,1017
20170714,12:00,18:00,20,16,Sprinkles. Scattered clouds.,15,270,53,1015
20170714,18:00,00:00,20,13,Scattered clouds.,15,320,66,1016
20170715,00:00,06:00,13,11,Light rain. Partly cloudy.,15,290,94,1018
20170715,06:00,12:00,16,10,Scattered clouds.,18,280,85,1020
20170715,12:00,18:00,18,16,Broken clouds.,15,290,64,1022
20170715,18:00,00:00,18,12,Broken clouds.,14,260,74,1023
20170716,00:00,06:00,12,9,Clear.,13,200,93,1024
20170716,06:00,12:00,20,11,Sunny.,14,210,68,1024
20170716,12:00,18:00,22,21,Broken clouds.,18,250,53,1023
20170716,18:00,00:00,22,18,Partly sunny.,16,260,68,1022
20170717,00:00,06:00,17,14,Clear.,13,260,94,1022
20170717,06:00,12:00,21,16,Broken clouds.,11,280,82,1022
20170717,12:00,18:00,23,19,Broken clouds.,14,10,73,1022
20170717,18:00,00:00,22,19,Partly sunny.,8,80,78,1022
20170718,00:00,06:00,18,15,Passing clouds.,6,10,81,1022
20170718,06:00,12:00,22,15,Passing clouds.,10,20,69,1022
20170718,12:00,18:00,25,22,Passing clouds.,13,90,56,1020
20170718,18:00,00:00,24,19,Passing clouds.,10,80,61,1018
20170719,00:00,06:00,19,15,Clear.,6,350,78,1017
20170719,06:00,12:00,27,15,Passing clouds.,7,70,68,1016
20170719,12:00,18:00,32,29,Passing clouds.,11,150,37,1013
20170719,18:00,00:00,31,17,Thunderstorms. Passing clouds.,13,200,65,1012
20170720,00:00,06:00,18,17,Clear.,19,190,90,1011
20170720,06:00,12:00,24,18,Sunny.,20,210,74,1010
20170720,12:00,18:00,23,20,Sprinkles. Partly sunny.,15,250,77,1011
20170720,18:00,00:00,23,18,Passing clouds.,15,200,79,1012
20170721,00:00,06:00,18,15,Clear.,12,260,90,1014
20170721,06:00,12:00,22,16,Scattered clouds.,7,0,75,1016
20170721,12:00,18:00,27,23,Sunny.,6,0,50,1015
20170721,18:00,00:00,26,21,Clear.,4,340,53,1013
20170722,00:00,06:00,21,16,Passing clouds.,8,0,78,1012
20170722,06:00,12:00,20,16,Broken clouds.,11,270,89,1014
20170722,12:00,18:00,26,20,Passing clouds.,13,260,62,1014
20170722,18:00,00:00,26,20,Clear.,10,280,63,1014
20170723,00:00,06:00,19,17,Clear.,14,200,80,1013
20170723,06:00,12:00,21,18,Scattered clouds.,24,230,70,1014
20170723,12:00,18:00,23,20,Passing clouds.,26,250,46,1015
20170723,18:00,00:00,21,14,Sunny.,18,240,57,1015
20170724,00:00,06:00,14,13,Clear.,13,190,73,1013
20170724,06:00,12:00,17,14,Light rain. Overcast.,8,170,71,1009
20170724,12:00,18:00,16,15,Sprinkles. Partly sunny.,9,40,96,1006
20170724,18:00,00:00,15,13,Passing clouds.,23,260,95,1006
20170725,00:00,06:00,13,12,Partly cloudy.,28,260,94,1005
20170725,06:00,12:00,13,12,Rain. Mostly cloudy.,26,280,97,1004
20170725,12:00,18:00,14,13,Sprinkles. Partly sunny.,21,270,95,1003
20170725,18:00,00:00,14,13,Partly sunny.,16,270,98,1003
20170726,00:00,06:00,13,12,Partly cloudy.,22,290,98,1002
20170726,06:00,12:00,14,12,Drizzle. More clouds than sun.,32,310,96,1003
20170726,12:00,18:00,16,13,Light rain. Partly sunny.,28,310,93,1007
20170726,18:00,00:00,16,14,Partly sunny.,19,260,90,1009
20170727,00:00,06:00,15,11,Clear.,15,200,95,1009
20170727,06:00,12:00,18,13,Sunny.,15,230,87,1009
20170727,12:00,18:00,21,18,Broken clouds.,19,230,73,1008
20170727,18:00,00:00,19,15,Clear.,16,190,91,1008
20170728,00:00,06:00,16,14,Scattered showers. Passing clouds.,11,260,93,1009
20170728,06:00,12:00,18,13,Scattered clouds.,18,270,82,1011
20170728,12:00,18:00,21,18,Passing clouds.,28,260,55,1013
20170728,18:00,00:00,19,15,Clear.,14,240,67,1015
20170729,00:00,06:00,16,15,Clear.,11,200,79,1015
20170729,06:00,12:00,20,15,Sunny.,18,190,67,1015
20170729,12:00,18:00,24,21,Passing clouds.,23,230,58,1015
20170729,18:00,00:00,24,19,Sunny.,13,180,67,1014
20170730,00:00,06:00,20,18,Clear.,14,190,73,1012
20170730,06:00,12:00,27,20,Sunny.,23,200,60,1011
20170730,12:00,18:00,29,26,Sunny.,33,230,47,1011
20170730,18:00,00:00,26,20,Sunny.,19,220,59,1012
20170731,00:00,06:00,20,18,Clear.,12,200,77,1014
20170731,06:00,12:00,24,18,Scattered clouds.,14,240,72,1016
20170731,12:00,18:00,27,25,Scattered clouds.,21,210,54,1016
20170731,18:00,00:00,26,20,Clear.,11,210,66,1016
20170801,00:00,06:00,21,17,Passing clouds.,12,0,83,1016
20170801,06:00,12:00,26,17,Sunny.,18,180,86,1016
20170801,12:00,18:00,28,25,Passing clouds.,16,280,51,1016
20170801,18:00,00:00,24,21,Clear.,10,260,67,1016
20170802,00:00,06:00,21,17,Clear.,8,270,81,1018
20170802,06:00,12:00,23,17,Broken clouds.,8,250,79,1019
20170802,12:00,18:00,26,24,Passing clouds.,14,260,48,1019
20170802,18:00,00:00,25,20,Clear.,11,250,55,1018
20170803,00:00,06:00,21,19,Clear.,8,190,72,1016
20170803,06:00,12:00,22,20,Sunny.,15,210,82,1014
20170803,12:00,18:00,27,22,Passing clouds.,29,210,67,1012
20170803,18:00,00:00,26,19,Sunny.,20,250,66,1012
20170804,00:00,06:00,20,17,Passing clouds.,12,220,78,1013
20170804,06:00,12:00,23,17,Sunny.,18,210,71,1013
20170804,12:00,18:00,24,23,Passing clouds.,29,240,49,1013
20170804,18:00,00:00,23,17,Sunny.,17,240,58,1014
20170805,00:00,06:00,16,14,Clear.,13,200,79,1016
20170805,06:00,12:00,23,15,Sunny.,18,190,62,1015
20170805,12:00,18:00,25,18,Rain showers. Broken clouds.,25,210,65,1013
20170805,18:00,00:00,19,15,Partly sunny.,13,320,89,1016
20170806,00:00,06:00,13,11,Clear.,13,260,94,1019
20170806,06:00,12:00,18,11,Scattered clouds.,12,260,78,1022
20170806,12:00,18:00,21,18,Passing clouds.,13,0,48,1023
20170806,18:00,00:00,21,14,Clear.,8,10,52,1024
20170807,00:00,06:00,14,10,Clear.,11,200,83,1023
20170807,06:00,12:00,22,11,Passing clouds.,8,40,66,1022
20170807,12:00,18:00,24,21,Sunny.,7,0,39,1019
20170807,18:00,00:00,24,17,Clear.,9,110,49,1017
20170808,00:00,06:00,17,13,Clear.,8,0,66,1016
20170808,06:00,12:00,22,14,Sunny.,6,0,65,1013
20170808,12:00,18:00,26,23,Passing clouds.,13,210,51,1010
20170808,18:00,00:00,24,19,Sunny.,16,230,63,1012
20170809,00:00,06:00,18,15,Clear.,10,220,78,1014
20170809,06:00,12:00,20,15,Passing clouds.,14,260,70,1016
20170809,12:00,18:00,23,21,Passing clouds.,10,350,47,1017
20170809,18:00,00:00,23,16,Sunny.,9,350,58,1018
20170810,00:00,06:00,16,14,Drizzle. Overcast.,6,0,90,1019
20170810,06:00,12:00,15,14,Light rain. Partly sunny.,9,350,96,1019
20170810,12:00,18:00,17,16,Overcast.,13,20,80,1019
20170810,18:00,00:00,17,14,Partly sunny.,13,20,86,1017
20170811,00:00,06:00,14,14,Drizzle. Fog.,15,300,97,1015
20170811,06:00,12:00,15,14,Drizzle. Fog.,9,0,97,1014
20170811,12:00,18:00,15,14,Drizzle. Partly sunny.,13,320,95,1014
20170811,18:00,00:00,14,12,Drizzle. Mostly cloudy.,19,270,97,1014
20170812,00:00,06:00,12,11,Partly cloudy.,19,260,96,1015
20170812,06:00,12:00,14,11,Sunny.,21,240,83,1016
20170812,12:00,18:00,18,13,Partly sunny.,26,230,71,1016
20170812,18:00,00:00,16,15,Partly sunny.,22,230,85,1018
20170813,00:00,06:00,15,15,Passing clouds.,13,200,89,1018
20170813,06:00,12:00,15,14,Drizzle. More clouds than sun.,7,0,97,1019
20170813,12:00,18:00,20,15,Partly sunny.,7,350,72,1021
20170813,18:00,00:00,21,14,Clear.,6,290,68,1022
20170814,00:00,06:00,14,10,Clear.,6,0,96,1023
20170814,06:00,12:00,21,11,Passing clouds.,7,80,84,1023
20170814,12:00,18:00,24,21,Passing clouds.,11,100,53,1021
20170814,18:00,00:00,23,19,Passing clouds.,10,80,59,1020
20170815,00:00,06:00,19,17,Clear.,8,180,71,1019
20170815,06:00,12:00,26,18,Passing clouds.,10,180,61,1018
20170815,12:00,18:00,28,25,Scattered clouds.,13,260,50,1018
20170815,18:00,00:00,21,19,Clear.,18,230,75,1018
20170816,00:00,06:00,19,17,Clear.,15,230,87,1019
20170816,06:00,12:00,21,16,Scattered clouds.,15,280,91,1021
20170816,12:00,18:00,24,21,Passing clouds.,8,320,55,1022
20170816,18:00,00:00,23,18,Passing clouds.,6,320,71,1022
20170817,00:00,06:00,17,15,Clear.,8,200,90,1020
20170817,06:00,12:00,24,15,Sunny.,10,190,75,1019
20170817,12:00,18:00,25,24,Broken clouds.,17,220,59,1017
20170817,18:00,00:00,24,19,Sunny.,12,230,71,1017
20170818,00:00,06:00,19,17,Clear.,9,200,83,1017
20170818,06:00,12:00,23,17,Sunny.,13,190,73,1015
20170818,12:00,18:00,26,22,Scattered clouds.,22,210,60,1012
20170818,18:00,00:00,23,16,Sprinkles. Broken clouds.,21,270,86,1012
20170819,00:00,06:00,16,13,Clear.,17,230,88,1015
20170819,06:00,12:00,18,13,Passing clouds.,22,240,73,1017
20170819,12:00,18:00,19,18,Sunny.,26,250,49,1018
20170819,18:00,00:00,18,13,Clear.,13,270,72,1019
20170820,00:00,06:00,14,10,Clear.,12,270,85,1020
20170820,06:00,12:00,17,10,Sunny.,18,250,79,1022
20170820,12:00,18:00,18,17,Scattered clouds.,22,270,53,1022
20170820,18:00,00:00,17,12,Clear.,17,260,74,1023
20170821,00:00,06:00,13,9,Clear.,13,240,90,1023
20170821,06:00,12:00,16,9,Scattered clouds.,14,280,78,1024
20170821,12:00,18:00,19,17,Passing clouds.,15,280,50,1023
20170821,18:00,00:00,18,11,Clear.,11,310,68,1023
20170822,00:00,06:00,10,7,Clear.,14,220,94,1023
20170822,06:00,12:00,18,7,Passing clouds.,13,210,78,1022
20170822,12:00,18:00,21,18,Passing clouds.,14,340,49,1021
20170822,18:00,00:00,19,13,Passing clouds.,9,50,64,1020
20170823,00:00,06:00,13,9,Passing clouds.,7,200,85,1020
20170823,06:00,12:00,18,9,Passing clouds.,6,50,75,1020
20170823,12:00,18:00,22,19,Sunny.,6,0,47,1018
20170823,18:00,00:00,22,15,Clear.,7,40,54,1017
20170824,00:00,06:00,16,14,Clear.,11,200,69,1016
20170824,06:00,12:00,22,14,Sunny.,8,190,69,1015
20170824,12:00,18:00,23,21,Broken clouds.,21,280,61,1016
20170824,18:00,00:00,21,14,Passing clouds.,13,290,70,1018
20170825,00:00,06:00,14,11,Clear.,13,210,89,1019
20170825,06:00,12:00,21,11,Partly sunny.,11,210,78,1019
20170825,12:00,18:00,24,21,Partly sunny.,7,350,50,1019
20170825,18:00,00:00,23,16,Sunny.,8,30,72,1018
20170826,00:00,06:00,16,15,Clear.,7,0,96,1018
20170826,06:00,12:00,20,15,Thunderstorms. Partly sunny.,11,220,96,1017
20170826,12:00,18:00,24,21,Scattered clouds.,8,0,80,1016
20170826,18:00,00:00,23,19,Clear.,8,220,88,1016
20170827,00:00,06:00,19,17,Clear.,11,250,92,1016
20170827,06:00,12:00,20,16,Sunny.,10,280,81,1018
20170827,12:00,18:00,22,20,Passing clouds.,14,340,58,1018
20170827,18:00,00:00,21,17,Clear.,9,340,63,1019
20170828,00:00,06:00,15,12,Clear.,8,210,85,1020
20170828,06:00,12:00,20,12,Passing clouds.,7,210,77,1021
20170828,12:00,18:00,22,20,Passing clouds.,8,0,50,1020
20170828,18:00,00:00,22,16,Clear.,8,70,60,1020
20170829,00:00,06:00,15,11,Clear.,10,190,79,1019
20170829,06:00,12:00,24,11,Sunny.,7,200,72,1018
20170829,12:00,18:00,27,24,Passing clouds.,7,0,48,1016
20170829,18:00,00:00,26,19,Clear.,11,260,64,1015
20170830,00:00,06:00,18,18,Clear.,15,200,79,1014
20170830,06:00,12:00,26,18,Sunny.,15,180,60,1012
20170830,12:00,18:00,29,27,Sunny.,20,190,46,1010
20170830,18:00,00:00,27,22,Clear.,12,210,66,1009
20170831,00:00,06:00,23,19,Clear.,17,230,74,1010
20170831,06:00,12:00,22,18,Sunny.,19,230,81,1011
20170831,12:00,18:00,23,16,Broken clouds.,24,300,82,1015
20170831,18:00,00:00,17,14,Clear.,13,300,80,1019
20170901,00:00,06:00,13,12,Partly cloudy.,7,290,91,1020
20170901,06:00,12:00,14,11,More clouds than sun.,6,0,88,1021
20170901,12:00,18:00,16,14,Partly sunny.,8,40,68,1020
20170901,18:00,00:00,16,11,Clear.,4,70,71,1019
20170902,00:00,06:00,9,6,Clear.,11,220,97,1019
20170902,06:00,12:00,17,6,Partly sunny.,10,230,84,1019
20170902,12:00,18:00,18,14,Passing clouds.,11,10,58,1018
20170902,18:00,00:00,16,10,Clear.,9,0,78,1019
20170903,00:00,06:00,10,6,Clear.,10,250,95,1018
20170903,06:00,12:00,16,6,Scattered clouds.,8,230,84,1018
20170903,12:00,18:00,18,16,Passing clouds.,8,10,54,1017
20170903,18:00,00:00,16,9,Clear.,7,260,68,1016
20170904,00:00,06:00,9,6,Clear.,14,220,96,1016
20170904,06:00,12:00,18,6,Sunny.,12,200,79,1016
20170904,12:00,18:00,20,18,Passing clouds.,14,280,44,1017
20170904,18:00,00:00,19,11,Clear.,12,210,64,1018
20170905,00:00,06:00,10,7,Clear.,16,210,90,1019
20170905,06:00,12:00,18,7,Sunny.,13,200,79,1019
20170905,12:00,18:00,21,19,Partly sunny.,14,260,64,1019
20170905,18:00,00:00,20,18,Clear.,12,200,75,1018
20170906,00:00,06:00,18,17,Clear.,13,200,81,1015
20170906,06:00,12:00,20,17,Partly sunny.,20,230,81,1014
20170906,12:00,18:00,20,15,Partly sunny.,35,280,74,1013
20170906,18:00,00:00,16,12,Scattered clouds.,22,270,72,1015
20170907,00:00,06:00,12,11,Clear.,19,250,80,1016
20170907,06:00,12:00,15,11,Broken clouds.,24,250,78,1015
20170907,12:00,18:00,17,13,Broken clouds.,21,270,69,1015
20170907,18:00,00:00,16,11,Clear.,14,220,78,1014
20170908,00:00,06:00,14,12,Clear.,14,200,75,1012
20170908,06:00,12:00,16,13,Sunny.,26,210,70,1009
20170908,12:00,18:00,17,16,More clouds than sun.,29,220,60,1006
20170908,18:00,00:00,16,16,Clear.,25,200,63,1004
20170909,00:00,06:00,16,15,Clear.,25,200,67,1000
20170909,06:00,12:00,16,15,Broken clouds.,25,210,71,998
20170909,12:00,18:00,17,16,Partly sunny.,28,220,68,999
20170909,18:00,00:00,16,13,Clear.,15,200,76,1001
20170910,00:00,06:00,13,11,Clear.,11,220,92,1003
20170910,06:00,12:00,16,10,Broken clouds.,12,240,84,1005
20170910,12:00,18:00,18,16,Passing clouds.,19,240,59,1005
20170910,18:00,00:00,17,11,Clear.,13,220,73,1005
20170911,00:00,06:00,13,11,Partly cloudy.,15,180,82,1002
20170911,06:00,12:00,14,12,Sunny.,26,200,71,1000
20170911,12:00,18:00,17,14,Broken clouds.,28,200,70,1000
20170911,18:00,00:00,15,12,Clear.,24,220,68,1001
20170912,00:00,06:00,12,11,Clear.,20,200,79,1003
20170912,06:00,12:00,15,11,Scattered clouds.,21,230,75,1004
20170912,12:00,18:00,16,12,Scattered clouds.,26,240,71,1007
20170912,18:00,00:00,14,9,Clear.,20,220,84,1010
20170913,00:00,06:00,12,9,Clear.,20,200,85,1009
20170913,06:00,12:00,14,12,Partly sunny.,37,200,77,1002
20170913,12:00,18:00,18,15,Sprinkles. Scattered clouds.,41,230,72,1001
20170913,18:00,00:00,16,12,Passing clouds.,26,220,72,1002
20170914,00:00,06:00,12,11,Light rain. Mostly cloudy.,18,210,92,1001
20170914,06:00,12:00,11,11,Light rain. More clouds than sun.,20,220,86,1001
20170914,12:00,18:00,13,9,Sprinkles. Partly sunny.,36,250,78,1003
20170914,18:00,00:00,11,9,Light rain. Passing clouds.,33,220,85,1005
20170915,00:00,06:00,10,10,Passing clouds.,28,240,90,1010
20170915,06:00,12:00,13,10,Broken clouds.,17,230,84,1013
20170915,12:00,18:00,15,13,Broken clouds.,17,210,66,1012
20170915,18:00,00:00,13,7,Clear.,14,210,82,1012
20170916,00:00,06:00,7,6,Clear.,13,200,92,1011
20170916,06:00,12:00,14,6,Passing clouds.,12,210,82,1012
20170916,12:00,18:00,15,14,Passing clouds.,10,290,61,1012
20170916,18:00,00:00,13,8,Clear.,11,250,79,1013
20170917,00:00,06:00,9,7,Clear.,9,200,89,1013
20170917,06:00,12:00,15,8,Sunny.,6,0,84,1014
20170917,12:00,18:00,15,11,Partly sunny.,9,0,68,1013
20170917,18:00,00:00,12,7,Clear.,10,200,88,1013
20170918,00:00,06:00,7,4,Clear.,14,210,95,1013
20170918,06:00,12:00,14,4,Sunny.,12,200,85,1015
20170918,12:00,18:00,15,13,Scattered clouds.,19,240,63,1015
20170918,18:00,00:00,13,9,Passing clouds.,12,200,80,1016
20170919,00:00,06:00,8,6,Clear.,12,210,90,1016
20170919,06:00,12:00,12,7,Scattered clouds.,10,200,83,1017
20170919,12:00,18:00,15,13,Scattered clouds.,14,280,61,1017
20170919,18:00,00:00,14,9,Clear.,11,260,83,1018
20170920,00:00,06:00,9,5,Fog.,14,260,99,1019
20170920,06:00,12:00,13,6,Fog.,15,270,93,1020
20170920,12:00,18:00,15,12,Partly sunny.,15,270,72,1020
20170920,18:00,00:00,12,10,Clear.,9,210,92,1021
20170921,00:00,06:00,10,7,Clear.,11,220,95,1021
20170921,06:00,12:00,14,6,Passing clouds.,10,230,92,1022
20170921,12:00,18:00,17,14,Scattered clouds.,7,0,59,1021
20170921,18:00,00:00,16,9,Passing clouds.,7,290,70,1021
20170922,00:00,06:00,10,6,Fog.,12,210,96,1021
20170922,06:00,12:00,15,6,Sunny.,9,210,87,1020
20170922,12:00,18:00,17,16,Scattered clouds.,5,0,60,1020
20170922,18:00,00:00,17,10,Passing clouds.,8,200,75,1022
20170923,00:00,06:00,11,10,Passing clouds.,11,210,88,1022
20170923,06:00,12:00,15,11,Broken clouds.,9,230,88,1023
20170923,12:00,18:00,18,15,Partly sunny.,6,0,68,1023
20170923,18:00,00:00,16,13,Partly cloudy.,7,20,75,1022
20170924,00:00,06:00,13,12,Passing clouds.,4,0,85,1022
20170924,06:00,12:00,14,11,Broken clouds.,4,0,92,1022
20170924,12:00,18:00,15,14,Partly sunny.,4,0,74,1022
20170924,18:00,00:00,14,12,Fog.,6,40,95,1023
20170925,00:00,06:00,12,12,Fog.,7,40,100,1022
20170925,06:00,12:00,13,11,Fog.,7,50,99,1021
20170925,12:00,18:00,15,13,Rain showers. Broken clouds.,8,90,84,1021
20170925,18:00,00:00,13,11,Passing clouds.,5,10,97,1022
20170926,00:00,06:00,11,10,Fog.,3,0,100,1022
20170926,06:00,12:00,13,10,Fog.,6,210,98,1023
20170926,12:00,18:00,16,13,Broken clouds.,9,80,78,1023
20170926,18:00,00:00,15,9,Fog.,6,210,84,1024
20170927,00:00,06:00,9,7,Fog.,9,210,98,1024
20170927,06:00,12:00,11,6,Fog.,5,0,100,1025
20170927,12:00,18:00,16,11,Broken clouds.,5,0,87,1024
20170927,18:00,00:00,15,11,Clear.,6,0,96,1024
20170928,00:00,06:00,11,6,Quite cool.,9,220,100,1024
20170928,06:00,12:00,14,6,Light fog.,6,170,96,1025
20170928,12:00,18:00,18,15,Passing clouds.,7,30,83,1025
20170928,18:00,00:00,17,15,Clear.,9,200,87,1025
20170929,00:00,06:00,15,14,Clear.,14,200,87,1024
20170929,06:00,12:00,19,13,Partly sunny.,8,10,86,1023
20170929,12:00,18:00,20,18,Scattered clouds.,6,0,77,1022
20170929,18:00,00:00,18,13,Clear.,10,200,86,1021
20170930,00:00,06:00,14,13,Clear.,11,190,89,1020
20170930,06:00,12:00,17,13,Sunny.,5,0,90,1018
20170930,12:00,18:00,21,17,Broken clouds.,12,180,68,1016
20170930,18:00,00:00,19,12,Light rain. Passing clouds.,14,190,83,1016
20171001,00:00,06:00,12,11,Light rain. Passing clouds.,14,280,98,1019
20171001,06:00,12:00,12,10,Partly sunny.,11,300,90,1021
20171001,12:00,18:00,16,13,Passing clouds.,6,0,63,1022
20171001,18:00,00:00,14,9,Clear.,10,190,85,1021
20171002,00:00,06:00,11,9,Clear.,15,190,87,1019
20171002,06:00,12:00,14,10,Sunny.,22,200,81,1016
20171002,12:00,18:00,14,13,Drizzle. Partly sunny.,21,210,88,1014
20171002,18:00,00:00,14,13,Partly cloudy.,14,230,90,1013
20171003,00:00,06:00,14,10,Light rain. Overcast.,18,260,91,1012
20171003,06:00,12:00,13,10,Broken clouds.,16,220,94,1013
20171003,12:00,18:00,15,12,Scattered clouds.,24,260,75,1018
20171003,18:00,00:00,13,10,Passing clouds.,17,240,89,1021
20171004,00:00,06:00,10,8,Clear.,15,220,88,1023
20171004,06:00,12:00,12,9,Partly sunny.,20,220,82,1022
20171004,12:00,18:00,13,12,Broken clouds.,28,240,70,1019
20171004,18:00,00:00,12,11,Passing clouds.,29,250,72,1018
20171005,00:00,06:00,11,10,Drizzle. Overcast.,24,240,80,1014
20171005,06:00,12:00,13,9,Light rain. Overcast.,22,230,93,1006
20171005,12:00,18:00,15,10,Sprinkles. Scattered clouds.,48,240,80,1004
20171005,18:00,00:00,10,8,Passing clouds.,26,270,84,1011
20171006,00:00,06:00,8,7,Passing clouds.,27,260,86,1012
20171006,06:00,12:00,10,8,Partly sunny.,30,270,86,1013
20171006,12:00,18:00,11,10,Partly sunny.,34,270,80,1014
20171006,18:00,00:00,10,9,Partly cloudy.,21,270,90,1018
20171007,00:00,06:00,9,9,Passing clouds.,21,260,96,1020
20171007,06:00,12:00,11,8,Broken clouds.,25,250,89,1020
20171007,12:00,18:00,11,9,Light rain. Partly sunny.,32,230,74,1016
20171007,18:00,00:00,9,8,Light rain. Mostly cloudy.,35,230,86,1011
20171008,00:00,06:00,9,9,Light rain. Passing clouds.,28,250,92,1010
20171008,06:00,12:00,13,9,Partly sunny.,27,250,90,1012
20171008,12:00,18:00,13,10,Partly sunny.,22,300,85,1015
20171008,18:00,00:00,10,8,Clear.,15,280,88,1018
20171009,00:00,06:00,7,4,Passing clouds.,17,260,99,1019
20171009,06:00,12:00,10,6,Partly sunny.,16,270,94,1019
20171009,12:00,18:00,12,10,Partly sunny.,19,260,72,1018
20171009,18:00,00:00,10,9,Partly cloudy.,15,230,86,1017
20171010,00:00,06:00,10,9,Light rain. Passing clouds.,18,240,94,1016
20171010,06:00,12:00,12,10,Partly sunny.,19,230,90,1015
20171010,12:00,18:00,13,12,Partly sunny.,22,240,86,1016
20171010,18:00,00:00,13,12,Partly cloudy.,18,220,88,1017
20171011,00:00,06:00,12,12,Passing clouds.,17,230,94,1017
20171011,06:00,12:00,15,12,Broken clouds.,22,230,81,1017
20171011,12:00,18:00,16,14,Partly sunny.,27,230,75,1017
20171011,18:00,00:00,14,12,Passing clouds.,23,220,76,1017
20171012,00:00,06:00,14,12,Passing clouds.,20,210,80,1015
20171012,06:00,12:00,16,13,Partly sunny.,28,230,77,1016
20171012,12:00,18:00,16,14,Partly sunny.,33,260,60,1020
20171012,18:00,00:00,13,8,Clear.,11,260,79,1023
20171013,00:00,06:00,9,8,Clear.,12,200,88,1024
20171013,06:00,12:00,15,9,Partly sunny.,14,210,83,1025
20171013,12:00,18:00,17,15,Scattered clouds.,20,260,73,1025
20171013,18:00,00:00,14,10,Clear.,14,250,92,1026
20171014,00:00,06:00,12,10,Passing clouds.,13,200,96,1027
20171014,06:00,12:00,18,13,Passing clouds.,15,210,85,1027
20171014,12:00,18:00,20,19,Passing clouds.,17,260,65,1027
20171014,18:00,00:00,17,12,Clear.,13,210,88,1027
20171015,00:00,06:00,13,11,Clear.,14,210,92,1027
20171015,06:00,12:00,19,11,Sunny.,11,200,87,1027
20171015,12:00,18:00,24,20,Passing clouds.,12,240,55,1025
20171015,18:00,00:00,18,13,Clear.,10,200,73,1024
20171016,00:00,06:00,13,11,Clear.,13,200,84,1024
20171016,06:00,12:00,19,10,Sunny.,12,210,82,1024
20171016,12:00,18:00,23,19,Sunny.,10,260,60,1024
20171016,18:00,00:00,19,13,Clear.,14,210,76,1024
20171017,00:00,06:00,16,13,Clear.,17,200,77,1023
20171017,06:00,12:00,20,12,Sunny.,12,200,74,1023
20171017,12:00,18:00,24,20,Sunny.,6,0,53,1021
20171017,18:00,00:00,18,11,Clear.,12,210,73,1019
20171018,00:00,06:00,11,9,Clear.,15,210,88,1018
20171018,06:00,12:00,16,7,Sunny.,12,200,89,1016
20171018,12:00,18:00,19,16,Passing clouds.,7,0,65,1015
20171018,18:00,00:00,17,9,Clear.,12,200,84,1014
20171019,00:00,06:00,10,8,Clear.,14,210,91,1014
20171019,06:00,12:00,17,6,Sunny.,11,200,82,1015
20171019,12:00,18:00,20,17,Sunny.,10,180,56,1014
20171019,18:00,00:00,17,13,Clear.,12,200,72,1013
20171020,00:00,06:00,14,11,Clear.,14,210,77,1013
20171020,06:00,12:00,16,14,Sunny.,15,190,58,1013
20171020,12:00,18:00,18,15,Sunny.,18,210,66,1013
20171020,18:00,00:00,13,8,Clear.,17,220,82,1015
20171021,00:00,06:00,10,8,Clear.,12,200,85,1016
20171021,06:00,12:00,15,9,Sunny.,13,210,79,1015
20171021,12:00,18:00,15,14,Broken clouds.,23,230,81,1014
20171021,18:00,00:00,13,12,Sprinkles. Passing clouds.,12,180,90,1013
20171022,00:00,06:00,12,9,Passing clouds.,21,220,86,1013
20171022,06:00,12:00,11,9,Passing clouds.,26,230,76,1013
20171022,12:00,18:00,10,8,Light rain. Overcast.,26,230,81,1012
20171022,18:00,00:00,8,7,Drizzle. Mostly cloudy.,17,230,93,1014
20171023,00:00,06:00,8,7,Passing clouds.,16,240,90,1015
20171023,06:00,12:00,10,8,Partly sunny.,23,250,86,1016
20171023,12:00,18:00,11,10,Partly sunny.,24,260,76,1018
20171023,18:00,00:00,10,9,Drizzle. Overcast.,18,260,92,1020
20171024,00:00,06:00,9,8,Passing clouds.,15,260,94,1022
20171024,06:00,12:00,12,8,Partly sunny.,17,220,89,1023
20171024,12:00,18:00,14,12,Partly sunny.,20,240,83,1023
20171024,18:00,00:00,13,12,Passing clouds.,21,230,88,1022
20171025,00:00,06:00,13,13,Passing clouds.,22,230,90,1021
20171025,06:00,12:00,15,13,Broken clouds.,19,220,88,1020
20171025,12:00,18:00,17,14,Partly sunny.,27,250,73,1020
20171025,18:00,00:00,14,13,Passing clouds.,17,270,84,1023
20171026,00:00,06:00,12,10,Passing clouds.,10,230,94,1024
20171026,06:00,12:00,13,9,Partly sunny.,10,210,93,1024
20171026,12:00,18:00,15,13,Partly sunny.,17,260,76,1023
20171026,18:00,00:00,12,11,Clear.,15,250,85,1021
20171027,00:00,06:00,11,9,Light rain. Partly cloudy.,16,280,95,1019
20171027,06:00,12:00,11,9,Scattered clouds.,22,320,88,1019
20171027,12:00,18:00,11,10,Broken clouds.,28,300,74,1023
20171027,18:00,00:00,10,8,Passing clouds.,21,290,85,1025
20171028,00:00,06:00,9,7,Passing clouds.,23,260,86,1024
20171028,06:00,12:00,9,8,Partly sunny.,24,250,78,1019
20171028,12:00,18:00,9,9,Broken clouds.,38,260,71,1015
20171028,18:00,00:00,9,8,Passing clouds.,37,240,78,1009
20171029,00:00,06:00,11,9,Light rain. Partly cloudy.,44,250,91,999
20171029,06:00,12:00,10,8,Partly sunny.,52,310,72,1001
20171029,12:00,18:00,9,5,Scattered showers. Scattered clouds.,38,310,79,1009
20171029,18:00,00:00,6,5,Passing clouds.,25,300,86,1014
20171030,00:00,06:00,6,4,Passing clouds.,24,290,86,1017
20171030,06:00,12:00,8,4,Passing clouds.,27,300,81,1020
20171030,12:00,18:00,8,5,Scattered clouds.,22,300,76,1023
20171030,18:00,00:00,6,5,Passing clouds.,16,280,90,1025
20171031,00:00,06:00,5,4,Passing clouds.,17,260,92,1025
20171031,06:00,12:00,8,4,Broken clouds.,20,280,88,1026
20171031,12:00,18:00,8,7,Partly sunny.,17,260,76,1025
20171031,18:00,00:00,7,7,Passing clouds.,15,220,81,1024
20171101,00:00,06:00,7,6,Light rain. Passing clouds.,21,220,84,1021
20171101,06:00,12:00,9,6,Light rain. Partly sunny.,18,230,94,1021
20171101,12:00,18:00,10,8,Broken clouds.,19,220,88,1020
20171101,18:00,00:00,9,8,Clear.,16,200,92,1018
20171102,00:00,06:00,9,8,Clear.,14,210,82,1014
20171102,06:00,12:00,11,8,Sunny.,22,230,71,1011
20171102,12:00,18:00,12,9,Scattered clouds.,19,260,74,1012
20171102,18:00,00:00,9,7,Passing clouds.,15,270,87,1015
20171103,00:00,06:00,7,6,Passing clouds.,13,270,95,1016
20171103,06:00,12:00,12,6,Passing clouds.,7,220,83,1018
20171103,12:00,18:00,13,9,Passing clouds.,5,0,69,1017
20171103,18:00,00:00,8,5,Clear.,12,190,87,1015
20171104,00:00,06:00,7,5,Clear.,12,200,91,1013
20171104,06:00,12:00,12,6,Sunny.,9,190,85,1011
20171104,12:00,18:00,12,11,Sunny.,14,180,78,1009
20171104,18:00,00:00,11,10,Clear.,17,180,84,1008
20171105,00:00,06:00,11,10,Clear.,17,180,86,1006
20171105,06:00,12:00,12,9,Broken clouds.,13,190,89,1005
20171105,12:00,18:00,11,6,Light rain. Overcast.,24,310,93,1007
20171105,18:00,00:00,6,5,Clear.,17,280,94,1013
20171106,00:00,06:00,5,3,Passing clouds.,10,270,92,1016
20171106,06:00,12:00,7,3,Partly sunny.,9,270,91,1020
20171106,12:00,18:00,7,5,Passing clouds.,10,310,82,1023
20171106,18:00,00:00,5,2,Passing clouds.,7,0,91,1025
20171107,00:00,06:00,3,3,Fog.,8,30,100,1025
20171107,06:00,12:00,4,3,Fog.,12,40,100,1023
20171107,12:00,18:00,5,4,Fog.,14,60,100,1020
20171107,18:00,00:00,6,6,Fog.,10,60,100,1018
20171108,00:00,06:00,6,5,Fog.,11,50,97,1016
20171108,06:00,12:00,7,5,Fog.,8,60,97,1017
20171108,12:00,18:00,7,6,Fog.,10,40,93,1018
20171108,18:00,00:00,6,6,Drizzle. Fog.,9,10,100,1020
20171109,00:00,06:00,6,5,Fog.,6,350,100,1020
20171109,06:00,12:00,7,5,Fog.,7,310,95,1021
20171109,12:00,18:00,8,6,Broken clouds.,14,260,88,1021
20171109,18:00,00:00,7,6,Passing clouds.,13,230,85,1021
20171110,00:00,06:00,6,5,Passing clouds.,24,220,82,1018
20171110,06:00,12:00,7,5,Drizzle. Broken clouds.,28,220,86,1015
20171110,12:00,18:00,7,6,Light rain. Partly sunny.,32,230,89,1010
20171110,18:00,00:00,7,4,Partly cloudy.,23,240,88,1011
20171111,00:00,06:00,5,4,Sprinkles. Passing clouds.,25,240,83,1012
20171111,06:00,12:00,6,4,Partly sunny.,29,250,81,1009
20171111,12:00,18:00,6,4,Drizzle. More clouds than sun.,23,230,89,1006
20171111,18:00,00:00,5,3,Passing clouds.,18,260,93,1006
20171112,00:00,06:00,4,1,Passing clouds.,14,260,94,1007
20171112,06:00,12:00,3,1,Sunny.,13,200,92,1003
20171112,12:00,18:00,3,2,Light rain. Broken clouds.,8,190,98,998
20171112,18:00,00:00,2,1,Light rain. Passing clouds.,16,280,99,1001
20171113,00:00,06:00,2,2,Partly cloudy.,16,290,94,1006
20171113,06:00,12:00,5,2,Partly sunny.,17,280,95,1011
20171113,12:00,18:00,6,3,Passing clouds.,18,310,81,1015
20171113,18:00,00:00,2,-1,Clear.,15,260,93,1019
20171114,00:00,06:00,2,-1,Passing clouds.,12,210,96,1021
20171114,06:00,12:00,6,1,Scattered clouds.,16,230,88,1023
20171114,12:00,18:00,7,4,Scattered clouds.,21,240,76,1023
20171114,18:00,00:00,5,4,Passing clouds.,19,220,86,1024
20171115,00:00,06:00,5,4,Passing clouds.,20,230,90,1025
20171115,06:00,12:00,7,5,Partly sunny.,16,250,88,1026
20171115,12:00,18:00,7,6,Broken clouds.,11,280,88,1026
20171115,18:00,00:00,6,5,Overcast.,10,280,92,1026
20171116,00:00,06:00,5,3,Passing clouds.,5,0,96,1025
20171116,06:00,12:00,4,3,Low clouds.,6,180,97,1024
20171116,12:00,18:00,4,4,Low clouds.,7,220,97,1023
20171116,18:00,00:00,3,3,Low clouds.,12,280,97,1022
20171117,00:00,06:00,4,3,Low clouds.,18,250,95,1022
20171117,06:00,12:00,5,4,Partly sunny.,17,280,97,1024
20171117,12:00,18:00,6,4,Light rain. Broken clouds.,8,260,98,1025
20171117,18:00,00:00,4,2,Passing clouds.,15,260,99,1024
20171118,00:00,06:00,3,0,Passing clouds.,15,220,99,1022
20171118,06:00,12:00,4,0,Broken clouds.,18,250,88,1019
20171118,12:00,18:00,4,3,Partly sunny.,28,230,72,1015
20171118,18:00,00:00,4,2,Light rain. Passing clouds.,30,250,84,1013
20171119,00:00,06:00,3,1,Partly cloudy.,21,250,92,1012
20171119,06:00,12:00,4,1,Partly sunny.,27,250,87,1011
20171119,12:00,18:00,5,3,Sprinkles. Partly sunny.,31,260,82,1012
20171119,18:00,00:00,4,4,Passing clouds.,33,280,83,1014
20171120,00:00,06:00,4,2,Passing clouds.,26,270,91,1017
20171120,06:00,12:00,4,2,Partly sunny.,26,250,90,1017
20171120,12:00,18:00,4,2,Light rain. More clouds than sun.,26,240,89,1016
20171120,18:00,00:00,3,2,Light rain. Passing clouds.,18,220,93,1012
20171121,00:00,06:00,7,4,Passing clouds.,27,230,92,1010
20171121,06:00,12:00,8,7,Partly sunny.,22,230,92,1011
20171121,12:00,18:00,9,8,Light rain. Broken clouds.,23,220,92,1010
20171121,18:00,00:00,9,7,Passing clouds.,28,230,88,1010
20171122,00:00,06:00,7,7,Passing clouds.,22,220,84,1010
20171122,06:00,12:00,9,7,Partly sunny.,26,230,78,1010
20171122,12:00,18:00,10,7,Broken clouds.,19,210,76,1009
20171122,18:00,00:00,7,6,Clear.,18,200,79,1009
20171123,00:00,06:00,10,7,Clear.,21,210,68,1007
20171123,06:00,12:00,13,5,Sunny.,19,180,66,1007
20171123,12:00,18:00,13,11,Sunny.,31,210,62,1007
20171123,18:00,00:00,12,12,Clear.,25,220,71,1010
20171124,00:00,06:00,12,10,Partly cloudy.,17,200,80,1010
20171124,06:00,12:00,13,11,Partly sunny.,28,210,74,1008
20171124,12:00,18:00,13,8,Partly sunny.,19,210,83,1009
20171124,18:00,00:00,8,7,Light rain. Low clouds.,5,0,97,1012
20171125,00:00,06:00,7,6,Light rain. Fog.,5,350,98,1009
20171125,06:00,12:00,7,6,Light rain. More clouds than sun.,12,210,95,1006
20171125,12:00,18:00,7,0,Drizzle. Partly sunny.,19,330,96,1009
20171125,18:00,00:00,1,0,Passing clouds.,16,240,94,1014
20171126,00:00,06:00,1,0,Passing clouds.,19,240,90,1017
20171126,06:00,12:00,3,0,Scattered clouds.,21,230,86,1019
20171126,12:00,18:00,3,2,Partly sunny.,26,220,82,1019
20171126,18:00,00:00,3,2,Passing clouds.,22,230,84,1021
20171127,00:00,06:00,2,1,Passing clouds.,21,240,85,1021
20171127,06:00,12:00,3,2,Partly sunny.,26,200,78,1019
20171127,12:00,18:00,4,3,Light rain. Overcast.,36,210,82,1013
20171127,18:00,00:00,5,4,Passing clouds.,38,210,83,1008
20171128,00:00,06:00,5,4,Passing clouds.,27,220,83,1005
20171128,06:00,12:00,4,3,Light rain. Partly sunny.,18,230,90,1005
20171128,12:00,18:00,5,2,Scattered clouds.,20,220,79,1005
20171128,18:00,00:00,2,-1,Passing clouds.,15,200,85,1005
20171129,00:00,06:00,0,-2,Clear.,15,210,87,1004
20171129,06:00,12:00,2,-1,Sunny.,8,200,86,1005
20171129,12:00,18:00,3,1,Broken clouds.,4,0,90,1004
20171129,18:00,00:00,2,-1,Fog.,6,280,96,1005
20171130,00:00,06:00,-1,-4,Passing clouds.,12,210,97,1004
20171130,06:00,12:00,-1,-4,Partly sunny.,7,230,94,1003
20171130,12:00,18:00,1,-2,Passing clouds.,5,0,92,1003
20171130,18:00,00:00,0,-1,Passing clouds.,9,200,91,1004
20171201,00:00,06:00,0,-1,Passing clouds.,5,200,88,1007
20171201,06:00,12:00,0,-1,Light snow. Ice fog.,5,0,98,1011
20171201,12:00,18:00,0,-1,Ice fog.,4,0,93,1015
20171201,18:00,00:00,0,-1,Passing clouds.,6,210,89,1019
20171202,00:00,06:00,0,-1,Passing clouds.,4,350,90,1021
20171202,06:00,12:00,1,-2,Passing clouds.,5,0,92,1024
20171202,12:00,18:00,1,-1,Broken clouds.,7,260,92,1024
20171202,18:00,00:00,0,-1,Overcast.,8,240,91,1025
20171203,00:00,06:00,0,-4,Overcast.,12,230,82,1024
20171203,06:00,12:00,-2,-4,Light snow. Mostly cloudy.,18,220,91,1023
20171203,12:00,18:00,-2,-2,Light snow. Mostly cloudy.,22,220,99,1020
20171203,18:00,00:00,0,-1,Overcast.,27,260,91,1020
20171204,00:00,06:00,1,0,Passing clouds.,31,270,94,1021
20171204,06:00,12:00,2,1,Partly sunny.,31,270,94,1022
20171204,12:00,18:00,2,1,Drizzle. Broken clouds.,25,270,94,1024
20171204,18:00,00:00,2,1,Passing clouds.,18,260,99,1028
20171205,00:00,06:00,4,3,Passing clouds.,21,270,96,1029
20171205,06:00,12:00,5,4,Broken clouds.,28,260,91,1030
20171205,12:00,18:00,5,4,Broken clouds.,24,250,88,1030
20171205,18:00,00:00,5,4,Passing clouds.,23,250,84,1030
20171206,00:00,06:00,5,4,Passing clouds.,25,250,82,1030
20171206,06:00,12:00,4,4,Partly sunny.,26,250,81,1029
20171206,12:00,18:00,5,5,Partly sunny.,25,250,78,1028
20171206,18:00,00:00,5,5,Passing clouds.,17,240,80,1027
20171207,00:00,06:00,5,1,Overcast.,20,220,77,1023
20171207,06:00,12:00,6,0,Sunny.,25,200,76,1018
20171207,12:00,18:00,5,3,Sunny.,29,240,66,1014
20171207,18:00,00:00,6,4,Passing clouds.,34,210,76,1007
20171208,00:00,06:00,5,3,Light rain. Passing clouds.,24,230,90,1005
20171208,06:00,12:00,4,1,Scattered clouds.,25,250,85,1006
20171208,12:00,18:00,4,1,Scattered clouds.,28,240,73,1005
20171208,18:00,00:00,0,-1,Passing clouds.,19,260,87,1008
20171209,00:00,06:00,0,-1,Light snow. Partly cloudy.,27,230,84,1007
20171209,06:00,12:00,0,-1,Light snow. Partly sunny.,32,250,77,1008
20171209,12:00,18:00,0,0,Partly sunny.,34,240,80,1009
20171209,18:00,00:00,0,-1,Passing clouds.,31,230,78,1009
20171210,00:00,06:00,-1,-2,Mostly cloudy.,25,220,80,1005
20171210,06:00,12:00,-1,-2,Partly sunny.,26,200,79,998
20171210,12:00,18:00,0,-3,Snow. Partly sunny.,27,160,82,985
20171210,18:00,00:00,5,0,Passing clouds.,37,210,82,980
20171211,00:00,06:00,5,4,Passing clouds.,30,220,82,982
20171211,06:00,12:00,4,2,Light rain. Overcast.,10,210,88,985
20171211,12:00,18:00,7,4,Light rain. Mostly cloudy.,15,180,92,982
20171211,18:00,00:00,7,6,Clear.,23,190,79,984
20171212,00:00,06:00,7,5,Mostly cloudy.,32,210,76,988
20171212,06:00,12:00,4,2,Partly sunny.,39,250,74,998
20171212,12:00,18:00,3,2,Partly sunny.,33,240,69,1007
20171212,18:00,00:00,2,-1,Clear.,14,230,85,1013
20171213,00:00,06:00,1,-1,Passing clouds.,15,220,83,1014
20171213,06:00,12:00,3,-1,Scattered clouds.,28,200,77,1011
20171213,12:00,18:00,4,1,Broken clouds.,32,200,73,1003
20171213,18:00,00:00,3,1,Passing clouds.,32,200,88,995
20171214,00:00,06:00,4,3,Partly cloudy.,27,210,84,989
20171214,06:00,12:00,4,1,Scattered clouds.,40,250,83,991
20171214,12:00,18:00,4,2,Light rain. Broken clouds.,31,230,85,993
20171214,18:00,00:00,2,1,Passing clouds.,14,230,88,993
20171215,00:00,06:00,2,0,Clear.,11,190,90,991
20171215,06:00,12:00,2,0,Partly sunny.,19,240,91,994
20171215,12:00,18:00,3,2,Partly sunny.,11,220,84,997
20171215,18:00,00:00,2,1,Passing clouds.,6,210,99,999
20171216,00:00,06:00,1,0,Ice fog.,8,230,99,1002
20171216,06:00,12:00,1,-1,Ice fog.,14,250,97,1005
20171216,12:00,18:00,2,1,Partly sunny.,21,280,91,1008
20171216,18:00,00:00,1,1,Snow flurries. Passing clouds.,18,260,93,1012
20171217,00:00,06:00,1,1,Snow flurries. Passing clouds.,20,270,93,1015
20171217,06:00,12:00,2,0,Broken clouds.,21,270,93,1018
20171217,12:00,18:00,2,1,Broken clouds.,15,310,86,1020
20171217,18:00,00:00,1,0,Passing clouds.,12,250,92,1022
20171218,00:00,06:00,0,0,Passing clouds.,13,200,86,1020
20171218,06:00,12:00,2,0,Passing clouds.,11,160,83,1021
20171218,12:00,18:00,2,1,Partly sunny.,7,190,77,1024
20171218,18:00,00:00,1,0,Passing clouds.,8,250,90,1027
20171219,00:00,06:00,0,0,Overcast.,11,240,93,1029
20171219,06:00,12:00,2,0,Mostly cloudy.,16,260,94,1031
20171219,12:00,18:00,2,2,Partly sunny.,19,260,94,1031
20171219,18:00,00:00,2,2,Drizzle. Fog.,19,270,100,1031
20171220,00:00,06:00,2,2,Drizzle. Fog.,13,260,100,1031
20171220,06:00,12:00,4,2,Partly sunny.,8,210,98,1032
20171220,12:00,18:00,4,3,Partly sunny.,10,270,93,1032
20171220,18:00,00:00,3,3,Fog.,16,220,97,1032
20171221,00:00,06:00,5,3,Drizzle. Fog.,17,250,98,1031
20171221,06:00,12:00,6,4,Mostly cloudy.,23,260,96,1031
20171221,12:00,18:00,6,6,Drizzle. Low clouds.,25,270,98,1030
20171221,18:00,00:00,6,4,Passing clouds.,14,260,100,1032
20171222,00:00,06:00,5,3,Passing clouds.,10,210,97,1032
20171222,06:00,12:00,6,4,Broken clouds.,12,250,95,1031
20171222,12:00,18:00,7,4,Broken clouds.,11,280,90,1032
20171222,18:00,00:00,5,3,Passing clouds.,10,250,94,1033
20171223,00:00,06:00,5,3,Passing clouds.,15,260,93,1032
20171223,06:00,12:00,8,5,Partly sunny.,24,250,88,1029
20171223,12:00,18:00,8,7,Partly sunny.,32,240,83,1027
20171223,18:00,00:00,8,7,Overcast.,30,240,85,1027
20171224,00:00,06:00,7,7,Passing clouds.,26,250,87,1025
20171224,06:00,12:00,8,7,Partly sunny.,35,240,86,1023
20171224,12:00,18:00,8,8,Partly sunny.,32,240,82,1022
20171224,18:00,00:00,8,7,Passing clouds.,26,230,86,1021
20171225,00:00,06:00,7,6,Passing clouds.,23,220,84,1020
20171225,06:00,12:00,6,6,Partly sunny.,22,220,82,1019
20171225,12:00,18:00,6,2,Broken clouds.,15,210,82,1016
20171225,18:00,00:00,2,0,Clear.,9,210,87,1011
20171226,00:00,06:00,4,3,Clear.,20,220,80,1007
20171226,06:00,12:00,9,4,Scattered clouds.,27,190,73,1002
20171226,12:00,18:00,8,3,Partly sunny.,31,240,82,1001
20171226,18:00,00:00,4,2,Clear.,21,220,84,1001
20171227,00:00,06:00,3,2,Clear.,19,170,82,996
20171227,06:00,12:00,6,2,Sunny.,21,180,71,990
20171227,12:00,18:00,7,3,Sunny.,12,190,71,986
20171227,18:00,00:00,3,2,Clear.,11,200,85,986
20171228,00:00,06:00,3,2,Passing clouds.,11,200,90,987
20171228,06:00,12:00,3,2,Broken clouds.,21,290,86,992
20171228,12:00,18:00,3,0,Broken clouds.,17,290,78,997
20171228,18:00,00:00,1,-1,Passing clouds.,22,240,76,1002
20171229,00:00,06:00,1,0,Clear.,20,230,78,1005
20171229,06:00,12:00,2,0,Passing clouds.,22,230,77,1007
20171229,12:00,18:00,3,0,Scattered clouds.,22,190,70,1005
20171229,18:00,00:00,1,0,Passing clouds.,23,190,75,1001
20171230,00:00,06:00,1,0,Passing clouds.,19,220,86,1003
20171230,06:00,12:00,4,1,Mostly cloudy.,23,200,84,1002
20171230,12:00,18:00,8,3,Partly sunny.,32,230,83,998
20171230,18:00,00:00,10,8,Clear.,30,240,77,1001
20171231,00:00,06:00,10,8,Light rain. Mostly cloudy.,24,240,82,1004
20171231,06:00,12:00,12,8,Broken clouds.,26,220,85,1005
20171231,12:00,18:00,12,11,Partly sunny.,32,220,76,1004
20171231,18:00,00:00,11,10,Passing clouds.,31,210,73,1001
